﻿<project version="2.9" name="招领原型" ID="70A99426-6B51-4915-8BEB-7A48A57B9C04">
  <params>
    <pageParam version="5.3" minAllowVersion="5.3"/>
    <projectParam version="2.9" minAllowVersion="2.9" platform="MtWeb" pageSize="(1400,800)" backgroundColor="4294967295" fontSize="14" fontFamily="微软雅黑" projectType="ptPersonalProject" isShowTitleIndex="False"/>
    <previewParam version="1.0"/>
    <colorParam version="1.0"/>
  </params>
  <pages>
    <page name="Home" ID="9E7EE126-BC99-4CF2-8433-3307DCE602C5" expanded="True" code="PVIKLcO54L" thumbCode="PVIKLcO54L" isLastOpen="True" status="psWhite" isfolder="False" isshownode="True">
      <images>
        <image key="520A776503D70E7FC53BE8D209CC96C1.svg"/>
        <image key="24B6825248D2E3B41E6A51EC7FE24971.svg"/>
        <image key="4529DADA0AD1F8BF89E5709239A0C3BD.svg"/>
        <image key="B91434690C5B5224D1CC6B1998F1178A.svg"/>
        <image key="194BDCC7A9BFC2E1855FA35DF9170759.png"/>
        <image key="E0270DAD9A37AC8FC6023514511C105C.png"/>
        <image key="282331BE75C40FB6D299F787B7BFD38F.svg"/>
        <image key="9FA054C6FFD1148CC65F9F5C3992E481.png"/>
        <image key="4CEBA48D845888E06C868951A5E1A875.svg"/>
        <image key="4746A5DC3648D0F077AC621B13CD3EC4.png"/>
      </images>
    </page>
    <page name="Found" ID="BD193AFF-70A0-41C2-A87E-D5AA02699736" expanded="True" code="KbeUhrMsAf" thumbCode="KbeUhrMsAf" status="psWhite" isfolder="False" isshownode="True">
      <images>
        <image key="520A776503D70E7FC53BE8D209CC96C1.svg"/>
        <image key="24B6825248D2E3B41E6A51EC7FE24971.svg"/>
        <image key="CB1D4BD70EFAF9D0D63B9D0659D62AAA.svg"/>
        <image key="A615B96B733DD98ED88FAF889CD95241.svg"/>
        <image key="4529DADA0AD1F8BF89E5709239A0C3BD.svg"/>
        <image key="9AEAEA85A9D10000E88E832FCCCC4817.svg"/>
        <image key="B91434690C5B5224D1CC6B1998F1178A.svg"/>
        <image key="282331BE75C40FB6D299F787B7BFD38F.svg"/>
        <image key="9DDACFA1CF56DBAEDCDB44BD9EE77A8A.svg"/>
        <image key="4CEBA48D845888E06C868951A5E1A875.svg"/>
      </images>
    </page>
    <page name="Lost" ID="66E9059F-8141-410B-AB04-14EE23772128" expanded="True" code="FM6SVnq5kA" thumbCode="FM6SVnq5kA" status="psWhite" isfolder="False" isshownode="True">
      <images>
        <image key="520A776503D70E7FC53BE8D209CC96C1.svg"/>
        <image key="24B6825248D2E3B41E6A51EC7FE24971.svg"/>
        <image key="4529DADA0AD1F8BF89E5709239A0C3BD.svg"/>
        <image key="B91434690C5B5224D1CC6B1998F1178A.svg"/>
        <image key="E81ED979293FF1C7F35153E7BDA571B8.svg"/>
        <image key="282331BE75C40FB6D299F787B7BFD38F.svg"/>
        <image key="4CEBA48D845888E06C868951A5E1A875.svg"/>
      </images>
    </page>
    <page name="捡到信息" ID="D639310A-16BF-4432-AA5C-140F25963633" expanded="True" code="OP9PleVWe7" thumbCode="OP9PleVWe7" status="psWhite" isfolder="False" isshownode="True">
      <images>
        <image key="520A776503D70E7FC53BE8D209CC96C1.svg"/>
        <image key="24B6825248D2E3B41E6A51EC7FE24971.svg"/>
        <image key="4529DADA0AD1F8BF89E5709239A0C3BD.svg"/>
        <image key="B91434690C5B5224D1CC6B1998F1178A.svg"/>
        <image key="452A1108CEAE2C044CFCAF610C27E444.svg"/>
        <image key="282331BE75C40FB6D299F787B7BFD38F.svg"/>
        <image key="4CEBA48D845888E06C868951A5E1A875.svg"/>
      </images>
    </page>
    <page name="丢失信息" ID="0FEE628B-DF60-4CF8-B5A6-7C54DB6878C5" expanded="True" code="8BPInuzWnk" thumbCode="8BPInuzWnk" status="psWhite" isfolder="False" isshownode="True">
      <images>
        <image key="520A776503D70E7FC53BE8D209CC96C1.svg"/>
        <image key="24B6825248D2E3B41E6A51EC7FE24971.svg"/>
        <image key="4529DADA0AD1F8BF89E5709239A0C3BD.svg"/>
        <image key="B91434690C5B5224D1CC6B1998F1178A.svg"/>
        <image key="452A1108CEAE2C044CFCAF610C27E444.svg"/>
        <image key="282331BE75C40FB6D299F787B7BFD38F.svg"/>
        <image key="4CEBA48D845888E06C868951A5E1A875.svg"/>
      </images>
    </page>
    <page name="登录" ID="938A19D8-499C-4155-B67C-252C18DCDA83" expanded="True" code="TOlDj8Wxoz" thumbCode="TOlDj8Wxoz" status="psWhite" isfolder="False" isshownode="True"/>
    <page name="注册" ID="0ADD581E-8845-4EE0-A80C-9746C5FCDFA2" expanded="True" code="mQKBeLAlFN" thumbCode="mQKBeLAlFN" status="psWhite" isfolder="False" isshownode="True"/>
    <page name="个人中心" ID="21B49ED9-444B-46C0-9FD9-D141901F3427" expanded="True" code="i7X3Keyvlv" thumbCode="i7X3Keyvlv" status="psWhite" isfolder="False" isshownode="True"/>
    <page name="发布成功" ID="D8F1D1EA-142E-4A06-A3F7-D36E4D9A877E" expanded="True" code="enSocB6TwR" thumbCode="enSocB6TwR" status="psWhite" isfolder="False" isshownode="True"/>
    <page name="注册成功" ID="8A1BE9EE-A83D-4671-9201-7B3AA8124E54" expanded="True" code="GcKbx139dp" thumbCode="GcKbx139dp" status="psWhite" isfolder="False" isshownode="True"/>
  </pages>
  <trash>
    <page name="Features" ID="051C724B-7FB7-46E7-B421-22267E351ABC" expanded="False" code="7nmbZz5vKD" thumbCode="UvKMjHSqHj" isLastOpen="True" status="psWhite" isfolder="False" isshownode="True">
      <images>
        <image key="B91434690C5B5224D1CC6B1998F1178A.svg"/>
        <image key="520A776503D70E7FC53BE8D209CC96C1.svg"/>
        <image key="24B6825248D2E3B41E6A51EC7FE24971.svg"/>
        <image key="4529DADA0AD1F8BF89E5709239A0C3BD.svg"/>
        <image key="282331BE75C40FB6D299F787B7BFD38F.svg"/>
        <image key="4CEBA48D845888E06C868951A5E1A875.svg"/>
      </images>
    </page>
    <page name="What's New" ID="21EDE6BF-82D9-4FD8-8511-A5E9370AA192" expanded="True" code="C8VYy3VrCM" thumbCode="tOrxyxJ1Qr" isLastOpen="True" status="psWhite" isfolder="False" isshownode="True">
      <images>
        <image key="520A776503D70E7FC53BE8D209CC96C1.svg"/>
        <image key="24B6825248D2E3B41E6A51EC7FE24971.svg"/>
        <image key="4529DADA0AD1F8BF89E5709239A0C3BD.svg"/>
        <image key="B91434690C5B5224D1CC6B1998F1178A.svg"/>
        <image key="282331BE75C40FB6D299F787B7BFD38F.svg"/>
        <image key="CD2DC7633347F211915C71AE5D127E45.png"/>
        <image key="3A3CD3DB2FAE85FFEF2A8996E634645D.svg"/>
        <image key="28CAC8B5F3DA0602E0DF8897FD0F0A97.svg"/>
        <image key="4CEBA48D845888E06C868951A5E1A875.svg"/>
      </images>
    </page>
    <page name="注册" ID="024BEDB4-7B8E-4C29-8CAA-4CB0D34019C8" expanded="True" code="H2AMcUKXHd" thumbCode="ubWZV3hcMX" isLastOpen="True" status="psWhite" isfolder="False" isshownode="True"/>
    <page name="发布成功2" ID="5AE16EA4-0B79-4D49-B12C-B5C3F4049004" expanded="True" code="KKGZHSRHi5" thumbCode="" isLastOpen="True" status="psWhite" isfolder="False" isshownode="True"/>
    <page name="发布成功1" ID="E3127E63-2C70-4033-B720-E91A3D42D8C1" expanded="False" code="2xxJ2Pg1nI" thumbCode="92lFYxlAFz" isLastOpen="True" status="psWhite" isfolder="False" isshownode="True"/>
    <page name="个人中心" ID="092A392D-4E8F-4C81-A3EB-EDE05C95F833" expanded="True" code="lCDWPNwNJ6" thumbCode="" isLastOpen="True" status="psWhite" isfolder="False" isshownode="True"/>
    <page name="个人中心" ID="769F0DBA-79B6-407B-A29E-DB0A62FD10E4" expanded="False" code="pRLB4O5TzA" thumbCode="5Y9CXOHeny" status="psWhite" isfolder="False" isshownode="True"/>
  </trash>
  <deletes/>
  <masters>
    <master name="Master" ID="24338112-78F9-4D38-8F21-F0FAFA2D27E7" code="QtDri3vbrq" status="psWhite" createDate="2018-03-22 23:05:37">
      <refPages>
        <page ID="9E7EE126-BC99-4CF2-8433-3307DCE602C5" refCount="1"/>
      </refPages>
      <images>
        <image key="520A776503D70E7FC53BE8D209CC96C1.svg"/>
        <image key="282331BE75C40FB6D299F787B7BFD38F.svg"/>
        <image key="24B6825248D2E3B41E6A51EC7FE24971.svg"/>
        <image key="4529DADA0AD1F8BF89E5709239A0C3BD.svg"/>
        <image key="4CEBA48D845888E06C868951A5E1A875.svg"/>
      </images>
    </master>
    <master name="Master1" ID="E8DB42B2-EA9C-4860-A2FB-CD5E13B65F3F" code="4yv3XSmNIU" status="psWhite" createDate="2018-03-22 23:29:25">
      <refPages/>
      <images>
        <image key="B91434690C5B5224D1CC6B1998F1178A.svg"/>
      </images>
    </master>
    <master name="Master2" ID="1B259074-56BF-43DD-8952-280A1430C009" code="24gfMu9pqI" status="psWhite" createDate="2018-03-23 00:26:37">
      <refPages>
        <page ID="BD193AFF-70A0-41C2-A87E-D5AA02699736" refCount="1"/>
        <page ID="66E9059F-8141-410B-AB04-14EE23772128" refCount="1"/>
        <page ID="D639310A-16BF-4432-AA5C-140F25963633" refCount="1"/>
        <page ID="21EDE6BF-82D9-4FD8-8511-A5E9370AA192" refCount="1"/>
        <page ID="0FEE628B-DF60-4CF8-B5A6-7C54DB6878C5" refCount="1"/>
      </refPages>
      <images>
        <image key="520A776503D70E7FC53BE8D209CC96C1.svg"/>
        <image key="282331BE75C40FB6D299F787B7BFD38F.svg"/>
        <image key="24B6825248D2E3B41E6A51EC7FE24971.svg"/>
        <image key="4529DADA0AD1F8BF89E5709239A0C3BD.svg"/>
        <image key="4CEBA48D845888E06C868951A5E1A875.svg"/>
      </images>
    </master>
    <master name="Master3" ID="B2A6F51B-EAD6-4945-AAD8-FA23344F07F8" code="RWELImTvwz" status="psWhite" createDate="2018-03-23 09:34:09">
      <refPages/>
      <images>
        <image key="CD2DC7633347F211915C71AE5D127E45.png"/>
      </images>
    </master>
    <master name="Master4" ID="9CE81536-19B9-4DD0-BD4B-CE350C6EE477" code="u2Abv7m2bG" status="psWhite" createDate="2018-03-26 17:58:36">
      <refPages>
        <page ID="D639310A-16BF-4432-AA5C-140F25963633" refCount="1"/>
        <page ID="66E9059F-8141-410B-AB04-14EE23772128" refCount="1"/>
        <page ID="0FEE628B-DF60-4CF8-B5A6-7C54DB6878C5" refCount="1"/>
      </refPages>
    </master>
    <master name="Master5" ID="2E2F0ED4-07D3-43E3-8809-BB8CEC1CE1C6" code="wLr1e15yjv" status="psWhite" createDate="2018-03-27 11:30:57">
      <refPages/>
    </master>
    <master name="Master6" ID="F21DDD7C-5FFF-4C9B-BD85-0CEAC5252BD1" code="c6RS7rcoFJ" status="psWhite" createDate="2018-03-27 11:33:46">
      <refPages>
        <page ID="21EDE6BF-82D9-4FD8-8511-A5E9370AA192" refCount="1"/>
      </refPages>
      <images>
        <image key="B91434690C5B5224D1CC6B1998F1178A.svg"/>
      </images>
    </master>
  </masters>
  <images>
    <image key="CB1D4BD70EFAF9D0D63B9D0659D62AAA.svg"/>
    <image key="A615B96B733DD98ED88FAF889CD95241.svg"/>
    <image key="9AEAEA85A9D10000E88E832FCCCC4817.svg"/>
    <image key="E81ED979293FF1C7F35153E7BDA571B8.svg"/>
    <image key="282331BE75C40FB6D299F787B7BFD38F.svg"/>
    <image key="9FA054C6FFD1148CC65F9F5C3992E481.png"/>
    <image key="B91434690C5B5224D1CC6B1998F1178A.svg"/>
    <image key="24B6825248D2E3B41E6A51EC7FE24971.svg"/>
    <image key="4529DADA0AD1F8BF89E5709239A0C3BD.svg"/>
    <image key="520A776503D70E7FC53BE8D209CC96C1.svg"/>
    <image key="194BDCC7A9BFC2E1855FA35DF9170759.png"/>
    <image key="452A1108CEAE2C044CFCAF610C27E444.svg"/>
    <image key="E0270DAD9A37AC8FC6023514511C105C.png"/>
    <image key="9DDACFA1CF56DBAEDCDB44BD9EE77A8A.svg"/>
    <image key="CD2DC7633347F211915C71AE5D127E45.png"/>
    <image key="3A3CD3DB2FAE85FFEF2A8996E634645D.svg"/>
    <image key="28CAC8B5F3DA0602E0DF8897FD0F0A97.svg"/>
    <image key="4746A5DC3648D0F077AC621B13CD3EC4.png"/>
    <image key="4CEBA48D845888E06C868951A5E1A875.svg"/>
  </images>
</project>