﻿<mockup version="5.3" minAllowVersion="5.3" ID="024BEDB4-7B8E-4C29-8CAA-4CB0D34019C8" platform="MtWeb" defaultW="1400" defaultH="800" measureW="1400" measureH="800" mobileScreenScale="0">
  <controls controlCount="6">
    <control controlID="0E680624-B4AF-4A1A-9920-DC344C3B1DA7" controlTypeID="__group__" x="19" y="34" w="580" h="33" zOrder="0">
      <groupChildrenDescriptors>
        <control controlID="3DF742FE-758E-4695-A877-5F80C5DC9B53" controlTypeID="Image" x="0" y="3" w="96" h="30" zOrder="0">
          <caption>logo</caption>
        </control>
        <control controlID="F488C3D7-5F9C-40EE-8094-44C3797B525E" controlTypeID="Label" x="400" y="0" w="39" h="27" zOrder="1">
          <states>
            <state propName="TextColor" stateType="state_mouseOver" isChecked="True" value="4291611852" varType="20"/>
          </states>
          <links eventType="AtClick" animate="AmNone" animateAutoDelay="0" animateDuration="500">
            <link targetPageID="66E9059F-8141-410B-AB04-14EE23772128" linkType="ltPageLink" isApplyIncludePage="False" title="Download">
              <area shape="0" alt="" ID="{D8D7F3B9-674D-4530-A14E-8F266CC73C5A}" coords="(0,0,39,27)"/>
            </link>
          </links>
          <font family="%E5%BE%AE%E8%BD%AF%E9%9B%85%E9%BB%91" displayName="%E5%BE%AE%E8%BD%AF%E9%9B%85%E9%BB%91" postScript="" weightStyle="Regular" weight="400" isBold="False" isItalic="False"/>
          <text>%E5%AF%BB%E7%89%A9</text>
          <textColor>4288256409</textColor>
          <textSize>20</textSize>
          <lineSpacing>0</lineSpacing>
          <useDefaultTextSize>False</useDefaultTextSize>
          <selectedIndex>-1</selectedIndex>
        </control>
        <control controlID="0D8D03D0-114E-4B06-915D-709F6FBF57E1" controlTypeID="Label" x="197" y="0" w="39" h="27" zOrder="2">
          <links eventType="AtClick" animate="AmNone" animateAutoDelay="0" animateDuration="500">
            <link targetPageID="9E7EE126-BC99-4CF2-8433-3307DCE602C5" linkType="ltPageLink" isApplyIncludePage="False" title="Home">
              <area shape="0" alt="" ID="{7FD98469-59E0-4EC0-AFFC-26F59695F5B2}" coords="(0,0,39,27)"/>
            </link>
          </links>
          <font family="%E5%BE%AE%E8%BD%AF%E9%9B%85%E9%BB%91" displayName="%E5%BE%AE%E8%BD%AF%E9%9B%85%E9%BB%91" postScript="" weightStyle="Regular" weight="400" isBold="False" isItalic="False"/>
          <text>%E4%B8%BB%E9%A1%B5</text>
          <textColor>4288256409</textColor>
          <textSize>20</textSize>
          <lineSpacing>0</lineSpacing>
          <useDefaultTextSize>False</useDefaultTextSize>
          <selectedIndex>-1</selectedIndex>
        </control>
        <control controlID="016D0CB3-EC2B-455E-A413-D44A4AB0DB5F" controlTypeID="Label" x="298" y="0" w="40" h="27" zOrder="3">
          <states>
            <state propName="TextColor" stateType="state_mouseOver" isChecked="True" value="4291611852" varType="20"/>
          </states>
          <links eventType="AtClick" animate="AmNone" animateAutoDelay="0" animateDuration="500">
            <link targetPageID="BD193AFF-70A0-41C2-A87E-D5AA02699736" linkType="ltPageLink" isApplyIncludePage="False" title="Features">
              <area shape="0" alt="" ID="{0567DBB1-16BD-4BFB-9011-D7070E019E7B}" coords="(0,0,40,27)"/>
            </link>
          </links>
          <font family="%E5%BE%AE%E8%BD%AF%E9%9B%85%E9%BB%91" displayName="%E5%BE%AE%E8%BD%AF%E9%9B%85%E9%BB%91" postScript="" weightStyle="Regular" weight="400" isBold="False" isItalic="False"/>
          <text>%E6%8B%9B%E9%A2%86</text>
          <textColor>4288256409</textColor>
          <textSize>20</textSize>
          <lineSpacing>0</lineSpacing>
          <useDefaultTextSize>False</useDefaultTextSize>
          <selectedIndex>-1</selectedIndex>
        </control>
        <control controlID="AAB1CF96-D3A5-4802-BE50-5992D978EE8E" controlTypeID="Label" x="500" y="0" w="80" h="27" zOrder="4">
          <states>
            <state propName="TextColor" stateType="state_mouseOver" isChecked="True" value="4291611852" varType="20"/>
          </states>
          <links eventType="AtClick" animate="AmNone" animateAutoDelay="0" animateDuration="500">
            <link targetPageID="D639310A-16BF-4432-AA5C-140F25963633" linkType="ltPageLink" isApplyIncludePage="False" title="User_center">
              <area shape="0" alt="" ID="{76261CEC-557C-4B5D-8F56-1F1019B88A53}" coords="(0,0,80,27)"/>
            </link>
          </links>
          <font family="%E5%BE%AE%E8%BD%AF%E9%9B%85%E9%BB%91" displayName="%E5%BE%AE%E8%BD%AF%E9%9B%85%E9%BB%91" postScript="" weightStyle="Regular" weight="400" isBold="False" isItalic="False"/>
          <text>%E4%B8%AA%E4%BA%BA%E4%B8%AD%E5%BF%83</text>
          <textColor>4288256409</textColor>
          <textSize>20</textSize>
          <lineSpacing>0</lineSpacing>
          <useDefaultTextSize>False</useDefaultTextSize>
          <selectedIndex>-1</selectedIndex>
        </control>
      </groupChildrenDescriptors>
    </control>
  </controls>
  <param>
    <backgroundColor>4294967295</backgroundColor>
    <fontSize>14</fontSize>
    <fontFamily>%E5%BE%AE%E8%BD%AF%E9%9B%85%E9%BB%91</fontFamily>
    <guideLines/>
  </param>
</mockup>