﻿<mockup version="5.3" minAllowVersion="5.3" ID="21EDE6BF-82D9-4FD8-8511-A5E9370AA192" platform="MtWeb" defaultW="1400" defaultH="3000" measureW="1400" measureH="3400" mobileScreenScale="0">
  <controls controlCount="70">
    <control controlID="2BF62165-38D8-4C83-B4B3-78E348EE9C41" controlTypeID="Image" x="0" y="0" w="1400" h="312" zOrder="0">
      <showText>False</showText>
    </control>
    <control controlID="EB177091-2EBD-4841-A999-F98782B4007B" controlTypeID="Label" x="601" y="102" w="184" h="53" zOrder="1">
      <font family="%E5%BE%AE%E8%BD%AF%E9%9B%85%E9%BB%91" displayName="%E5%BE%AE%E8%BD%AF%E9%9B%85%E9%BB%91" postScript="" weightStyle="Regular" weight="400" isBold="False" isItalic="False"/>
      <text>Mockplus</text>
      <textColor>4281545523</textColor>
      <textSize>40</textSize>
      <lineSpacing>0</lineSpacing>
      <useDefaultTextSize>False</useDefaultTextSize>
      <selectedIndex>-1</selectedIndex>
    </control>
    <control controlID="38E54377-566A-4C85-BB09-0C5C457C17BE" controlTypeID="TextArea" x="314" y="162" w="771" h="36" zOrder="2">
      <font family="%E5%BE%AE%E8%BD%AF%E9%9B%85%E9%BB%91" displayName="%E5%BE%AE%E8%BD%AF%E9%9B%85%E9%BB%91" postScript="" weightStyle="Regular" weight="400" isBold="False" isItalic="False"/>
      <text>Prototype+Faster%2C+Smarter%2C+Easier</text>
      <textColor>4284900966</textColor>
      <textSize>16</textSize>
      <textAlign>HaCenter</textAlign>
      <useDefaultTextSize>False</useDefaultTextSize>
      <selectedIndex>-1</selectedIndex>
    </control>
    <control controlID="E9D98A0A-B6EC-4BED-AF40-0D4A217A016F" controlTypeID="TextArea" x="962" y="605" w="438" h="78" zOrder="3">
      <font family="%E5%BE%AE%E8%BD%AF%E9%9B%85%E9%BB%91" displayName="%E5%BE%AE%E8%BD%AF%E9%9B%85%E9%BB%91" postScript="" weightStyle="Regular" weight="400" isBold="False" isItalic="False"/>
      <text>SIGN+UP+to+SUBSCRIBE%0D%0A%0D%0ATo+get+the+latest+and+most+quality+designer+news.</text>
      <textColor>4284900966</textColor>
      <textSize>16</textSize>
      <textAlign>HaCenter</textAlign>
      <useDefaultTextSize>False</useDefaultTextSize>
      <selectedIndex>-1</selectedIndex>
    </control>
    <control controlID="9B6F4988-692A-4758-B5E7-1937E7384595" controlTypeID="TextArea" x="982" y="1499" w="416" h="113" zOrder="4">
      <font family="%E5%BE%AE%E8%BD%AF%E9%9B%85%E9%BB%91" displayName="%E5%BE%AE%E8%BD%AF%E9%9B%85%E9%BB%91" postScript="" weightStyle="Regular" weight="400" isBold="False" isItalic="False"/>
      <text>Mockplus+is+a+desktop-based+tool+for+prototyping+mobile%2C+web+and+desktop+apps+easily+and+quickly.+Create+interactions+by+simple+%0D%0Adrag-and-drop+and+your+teamwork+will+be+time-efficient+with+the+collaboration+features.</text>
      <textColor>4284900966</textColor>
      <textSize>16</textSize>
      <useDefaultTextSize>False</useDefaultTextSize>
      <selectedIndex>-1</selectedIndex>
    </control>
    <control controlID="20C14812-4B92-44FA-848D-94C4E9D9CE1E" controlTypeID="TextArea" x="984" y="847" w="416" h="35" zOrder="5">
      <font family="%E5%BE%AE%E8%BD%AF%E9%9B%85%E9%BB%91" displayName="%E5%BE%AE%E8%BD%AF%E9%9B%85%E9%BB%91" postScript="" weightStyle="Regular" weight="400" isBold="False" isItalic="False"/>
      <text>POPULAR+POST</text>
      <textColor>4281545523</textColor>
      <textSize>24</textSize>
      <useDefaultTextSize>False</useDefaultTextSize>
      <selectedIndex>-1</selectedIndex>
    </control>
    <control controlID="FF938DBC-A3E7-455F-9E7F-B6D0BE2BAB07" controlTypeID="TextArea" x="982" y="1450" w="416" h="35" zOrder="6">
      <font family="%E5%BE%AE%E8%BD%AF%E9%9B%85%E9%BB%91" displayName="%E5%BE%AE%E8%BD%AF%E9%9B%85%E9%BB%91" postScript="" weightStyle="Regular" weight="400" isBold="False" isItalic="False"/>
      <text>WHAT+IS+MOCKPLUS%3F</text>
      <textColor>4281545523</textColor>
      <textSize>24</textSize>
      <useDefaultTextSize>False</useDefaultTextSize>
      <selectedIndex>-1</selectedIndex>
    </control>
    <control controlID="F620AEE4-9CCB-4B46-8DCE-22E1CD23C161" controlTypeID="Button" x="605" y="216" w="180" h="40" zOrder="7">
      <states>
        <state propName="Color" stateType="state_mouseOver" isChecked="True" value="3854383616" varType="20"/>
      </states>
      <color>4290591232</color>
      <borderColor>4290591232</borderColor>
      <borderVisible>False</borderVisible>
      <font family="%E5%BE%AE%E8%BD%AF%E9%9B%85%E9%BB%91" displayName="%E5%BE%AE%E8%BD%AF%E9%9B%85%E9%BB%91" postScript="" weightStyle="Regular" weight="400" isBold="False" isItalic="False"/>
      <text>FREE+TRIAL</text>
      <textColor>4294967295</textColor>
      <textSize>16</textSize>
      <lineSpacing>0</lineSpacing>
      <useDefaultTextSize>False</useDefaultTextSize>
      <selectedIndex>-1</selectedIndex>
      <radius>0</radius>
      <thickness>2</thickness>
    </control>
    <control controlID="D145464C-AB49-4E06-BA66-F722D50A346A" controlTypeID="Image" x="20" y="36" w="96" h="30" zOrder="8">
      <caption>logo</caption>
    </control>
    <control controlID="3F795566-AA3A-4F0D-AC61-8047E5A394AC" controlTypeID="Label" x="629" y="41" w="80" h="19" zOrder="9">
      <states>
        <state propName="TextColor" stateType="state_mouseOver" isChecked="True" value="4288256409" varType="20"/>
      </states>
      <font family="%E5%BE%AE%E8%BD%AF%E9%9B%85%E9%BB%91" displayName="%E5%BE%AE%E8%BD%AF%E9%9B%85%E9%BB%91" postScript="" weightStyle="Regular" weight="400" isBold="False" isItalic="False"/>
      <text>What's+New</text>
      <textColor>4281545523</textColor>
      <lineSpacing>0</lineSpacing>
      <selectedIndex>-1</selectedIndex>
    </control>
    <control controlID="2B650412-4DC3-488A-848C-7912706C52CA" controlTypeID="Label" x="417" y="41" w="56" h="19" zOrder="10">
      <states>
        <state propName="TextColor" stateType="state_mouseOver" isChecked="True" value="4281545523" varType="20"/>
      </states>
      <links eventType="AtClick" animate="AmNone" animateAutoDelay="0" animateDuration="500">
        <link targetPageID="BD193AFF-70A0-41C2-A87E-D5AA02699736" linkType="ltPageLink" isApplyIncludePage="False" title="Features">
          <area shape="0" alt="" ID="{A8504EBE-5F5B-4B4E-90FB-AD9E8ED77D46}" coords="(0,0,56,19)"/>
        </link>
      </links>
      <font family="%E5%BE%AE%E8%BD%AF%E9%9B%85%E9%BB%91" displayName="%E5%BE%AE%E8%BD%AF%E9%9B%85%E9%BB%91" postScript="" weightStyle="Regular" weight="400" isBold="False" isItalic="False"/>
      <text>Features</text>
      <textColor>4288256409</textColor>
      <lineSpacing>0</lineSpacing>
      <selectedIndex>-1</selectedIndex>
    </control>
    <control controlID="650CAD53-15FD-42B0-B47F-173C9BCFF834" controlTypeID="Label" x="518" y="41" w="67" h="19" zOrder="11">
      <states>
        <state propName="TextSize" stateType="state_mouseOver" isChecked="True" value="14" varType="3"/>
        <state propName="TextColor" stateType="state_mouseOver" isChecked="True" value="4281545523" varType="20"/>
      </states>
      <links eventType="AtClick" animate="AmNone" animateAutoDelay="0" animateDuration="500">
        <link targetPageID="66E9059F-8141-410B-AB04-14EE23772128" linkType="ltPageLink" isApplyIncludePage="False" title="Download">
          <area shape="0" alt="" ID="{087A3D34-60A1-43FD-BDA3-733823912728}" coords="(0,0,67,19)"/>
        </link>
      </links>
      <font family="%E5%BE%AE%E8%BD%AF%E9%9B%85%E9%BB%91" displayName="%E5%BE%AE%E8%BD%AF%E9%9B%85%E9%BB%91" postScript="" weightStyle="Regular" weight="400" isBold="False" isItalic="False"/>
      <text>Download</text>
      <textColor>4288256409</textColor>
      <lineSpacing>0</lineSpacing>
      <selectedIndex>-1</selectedIndex>
    </control>
    <control controlID="6580AE8E-7C52-4BA5-A469-82BFD4526618" controlTypeID="Label" x="753" y="41" w="25" h="19" zOrder="12">
      <states>
        <state propName="TextColor" stateType="state_mouseOver" isChecked="True" value="4281545523" varType="20"/>
      </states>
      <font family="%E5%BE%AE%E8%BD%AF%E9%9B%85%E9%BB%91" displayName="%E5%BE%AE%E8%BD%AF%E9%9B%85%E9%BB%91" postScript="" weightStyle="Regular" weight="400" isBold="False" isItalic="False"/>
      <text>Buy</text>
      <textColor>4288256409</textColor>
      <lineSpacing>0</lineSpacing>
      <selectedIndex>-1</selectedIndex>
    </control>
    <control controlID="31EE05ED-9460-483B-BFA4-6C13FE75ACF4" controlTypeID="Label" x="818" y="41" w="29" h="19" zOrder="13">
      <states>
        <state propName="TextColor" stateType="state_mouseOver" isChecked="True" value="4281545523" varType="20"/>
      </states>
      <font family="%E5%BE%AE%E8%BD%AF%E9%9B%85%E9%BB%91" displayName="%E5%BE%AE%E8%BD%AF%E9%9B%85%E9%BB%91" postScript="" weightStyle="Regular" weight="400" isBold="False" isItalic="False"/>
      <text>Blog</text>
      <textColor>4288256409</textColor>
      <lineSpacing>0</lineSpacing>
      <selectedIndex>-1</selectedIndex>
    </control>
    <control controlID="267215C5-DB83-42B4-88FB-8D5724ED249A" controlTypeID="Label" x="887" y="41" w="54" h="19" zOrder="14">
      <states>
        <state propName="TextColor" stateType="state_mouseOver" isChecked="True" value="4281545523" varType="20"/>
      </states>
      <links eventType="AtClick" animate="AmNone" animateAutoDelay="0" animateDuration="500">
        <link targetPageID="D639310A-16BF-4432-AA5C-140F25963633" linkType="ltPageLink" isApplyIncludePage="False" title="Support">
          <area shape="0" alt="" ID="{D43DC5F1-DEC7-433D-80C1-6A2ABD3C8C59}" coords="(0,0,54,19)"/>
        </link>
      </links>
      <interactiveData>
        <entry title="">
          <area shape="0" alt="" ID="{47BAC819-9C11-433E-A3CE-710298F4A94B}" coords="(0,0,54,19)"/>
          <events title="">
            <event eventType="atClick" isChecked="True">
              <behaviour title="" isChecked="True" isWait="False" isLoop="False" execMode="emParallel">
                <target targetID="E853C3A6-E8DB-4E20-90C5-828C4A2350CE" isChecked="True" isAutoRecovery="False" isLoop="False" execMode="emSequence">
                  <command name="Popup State Change" isChecked="True" descrition="">
                    <param name="AniInterpolation" value="0" varType="3" description=""/>
                    <param name="AniDuration" value="200" varType="3" description=""/>
                    <param name="AniAutoReverse" value="False" varType="11" description=""/>
                    <param name="AniLoop" value="False" varType="11" description=""/>
                    <param name="AniInterpolationTypeOut" value="False" varType="11" description=""/>
                    <param name="Delay" value="0" varType="3" description=""/>
                    <param name="Value" value="0" varType="3" description=""/>
                    <param name="AniType" value="0" varType="3" description=""/>
                  </command>
                </target>
              </behaviour>
            </event>
          </events>
        </entry>
      </interactiveData>
      <font family="%E5%BE%AE%E8%BD%AF%E9%9B%85%E9%BB%91" displayName="%E5%BE%AE%E8%BD%AF%E9%9B%85%E9%BB%91" postScript="" weightStyle="Regular" weight="400" isBold="False" isItalic="False"/>
      <text>Support</text>
      <textColor>4288256409</textColor>
      <lineSpacing>0</lineSpacing>
      <selectedIndex>-1</selectedIndex>
    </control>
    <control controlID="9CB9FA81-098F-425E-ACBB-2E57DF59C63D" controlTypeID="Master" x="0" y="3164" w="1400" h="80" zOrder="15" masterID="1B259074-56BF-43DD-8952-280A1430C009">
      <groupChildrenDescriptors>
        <control controlID="22A8905A-8A68-4E00-9B95-9CD038391783" controlTypeID="Shape" x="0" y="0" w="1400" h="80" zOrder="0">
          <color>4279374612</color>
          <font family="%E5%BE%AE%E8%BD%AF%E9%9B%85%E9%BB%91" displayName="%E5%BE%AE%E8%BD%AF%E9%9B%85%E9%BB%91" postScript="" weightStyle="Regular" weight="400" isBold="False" isItalic="False"/>
          <textSize>14</textSize>
          <selectedIndex>-1</selectedIndex>
        </control>
        <control controlID="EDBDD2DC-A795-4384-8E05-9478C2095CCD" controlTypeID="Label" x="671" y="32" w="310" h="16" zOrder="1">
          <color>16777215</color>
          <font family="%E5%BE%AE%E8%BD%AF%E9%9B%85%E9%BB%91" displayName="%E5%BE%AE%E8%BD%AF%E9%9B%85%E9%BB%91" postScript="" weightStyle="Regular" weight="400" isBold="False" isItalic="False"/>
          <text>%C2%A9+2014-2018+Jongde+Software+LLC+All+rights+reserved.</text>
          <textColor>4284900966</textColor>
          <textSize>12</textSize>
          <textAlign>HaCenter</textAlign>
          <lineSpacing>0</lineSpacing>
          <useDefaultTextSize>False</useDefaultTextSize>
          <selectedIndex>-1</selectedIndex>
        </control>
        <control controlID="BDBB8695-6D2C-411C-B514-25B1888B3D6E" controlTypeID="Label" x="159" y="30" w="110" h="19" zOrder="2">
          <states>
            <state propName="TextColor" stateType="state_mouseOver" isChecked="True" value="4288256409" varType="20"/>
          </states>
          <color>16777215</color>
          <font family="%E5%BE%AE%E8%BD%AF%E9%9B%85%E9%BB%91" displayName="%E5%BE%AE%E8%BD%AF%E9%9B%85%E9%BB%91" postScript="" weightStyle="Regular" weight="400" isBold="False" isItalic="False"/>
          <text>Terms+of+Service+</text>
          <textColor>4291611852</textColor>
          <textAlign>HaCenter</textAlign>
          <lineSpacing>0</lineSpacing>
          <useDefaultTextSize>False</useDefaultTextSize>
          <selectedIndex>-1</selectedIndex>
        </control>
        <control controlID="F733972F-6E4E-4499-B1DD-60BF3B7EB001" controlTypeID="Label" x="307" y="30" w="91" h="19" zOrder="3">
          <states>
            <state propName="TextColor" stateType="state_mouseOver" isChecked="True" value="4288256409" varType="20"/>
          </states>
          <color>16777215</color>
          <font family="%E5%BE%AE%E8%BD%AF%E9%9B%85%E9%BB%91" displayName="%E5%BE%AE%E8%BD%AF%E9%9B%85%E9%BB%91" postScript="" weightStyle="Regular" weight="400" isBold="False" isItalic="False"/>
          <text>Privacy+Policy+</text>
          <textColor>4291611852</textColor>
          <textAlign>HaCenter</textAlign>
          <lineSpacing>0</lineSpacing>
          <useDefaultTextSize>False</useDefaultTextSize>
          <selectedIndex>-1</selectedIndex>
        </control>
        <control controlID="F3B0A40E-CE40-4E79-ACC5-B56CC62A07EA" controlTypeID="Label" x="441" y="30" w="59" h="19" zOrder="4">
          <states>
            <state propName="TextColor" stateType="state_mouseOver" isChecked="True" value="4288256409" varType="20"/>
          </states>
          <color>16777215</color>
          <font family="%E5%BE%AE%E8%BD%AF%E9%9B%85%E9%BB%91" displayName="%E5%BE%AE%E8%BD%AF%E9%9B%85%E9%BB%91" postScript="" weightStyle="Regular" weight="400" isBold="False" isItalic="False"/>
          <text>Site+Map</text>
          <textColor>4291611852</textColor>
          <textAlign>HaCenter</textAlign>
          <lineSpacing>0</lineSpacing>
          <useDefaultTextSize>False</useDefaultTextSize>
          <selectedIndex>-1</selectedIndex>
        </control>
        <control controlID="0902DEAA-EA77-4220-8DCF-76A32409E219" controlTypeID="Icon" x="1094" y="28" w="24" h="24" zOrder="5">
          <states>
            <state propName="Color" stateType="state_mouseOver" isChecked="True" value="4291611852" varType="20"/>
          </states>
          <icon>
            <ID/>
            <iconFontName>jdFontAwesome</iconFontName>
            <iconCode>61570</iconCode>
          </icon>
          <URL>4CEBA48D845888E06C868951A5E1A875.svg</URL>
        </control>
        <control controlID="4F083C71-2D2D-4532-9CD0-F3746D246C36" controlTypeID="Icon" x="1135" y="28" w="24" h="24" zOrder="6">
          <states>
            <state propName="Color" stateType="state_mouseOver" isChecked="True" value="4291611852" varType="20"/>
          </states>
          <icon>
            <ID/>
            <iconFontName>jdFontAwesome</iconFontName>
            <iconCode>61569</iconCode>
          </icon>
          <URL>520A776503D70E7FC53BE8D209CC96C1.svg</URL>
        </control>
        <control controlID="2F0A8490-ABA3-4124-B578-293BF4C68BDA" controlTypeID="Icon" x="1174" y="28" w="24" h="24" zOrder="7">
          <states>
            <state propName="Color" stateType="state_mouseOver" isChecked="True" value="4291611852" varType="20"/>
          </states>
          <icon>
            <ID/>
            <iconFontName>jdFontAwesome</iconFontName>
            <iconCode>61652</iconCode>
          </icon>
          <URL>282331BE75C40FB6D299F787B7BFD38F.svg</URL>
        </control>
        <control controlID="DCD82597-67FF-4DDD-B1B2-45B8105B7193" controlTypeID="Icon" x="1052" y="28" w="24" h="24" zOrder="8">
          <states>
            <state propName="Color" stateType="state_mouseOver" isChecked="True" value="4291611852" varType="20"/>
          </states>
          <icon>
            <ID/>
            <iconFontName>jdFontAwesome</iconFontName>
            <iconCode>61580</iconCode>
          </icon>
          <URL>24B6825248D2E3B41E6A51EC7FE24971.svg</URL>
        </control>
        <control controlID="E47D8088-F73D-46D9-8BD0-2380B9569AFC" controlTypeID="Icon" x="1009" y="27" w="26" h="26" zOrder="9">
          <states>
            <state propName="Color" stateType="state_mouseOver" isChecked="True" value="4291611852" varType="20"/>
          </states>
          <icon>
            <ID/>
            <iconFontName>jdIonicons</iconFontName>
            <iconCode>62029</iconCode>
          </icon>
          <URL>4529DADA0AD1F8BF89E5709239A0C3BD.svg</URL>
        </control>
        <control controlID="D61B7A6B-9748-4AD0-A371-20C8D6EEC3C8" controlTypeID="Image" x="19" y="25" w="96" h="30" zOrder="10">
          <caption>logo</caption>
        </control>
        <control controlID="802A828B-B3C4-446A-9181-A7CA8E4DABFA" controlTypeID="Button" x="1228" y="0" w="172" h="80" zOrder="11">
          <states>
            <state propName="Color" stateType="state_mouseOver" isChecked="True" value="3854383616" varType="20"/>
          </states>
          <color>4290591232</color>
          <borderColor>4290591232</borderColor>
          <borderVisible>False</borderVisible>
          <font family="%E5%BE%AE%E8%BD%AF%E9%9B%85%E9%BB%91" displayName="%E5%BE%AE%E8%BD%AF%E9%9B%85%E9%BB%91" postScript="" weightStyle="Regular" weight="400" isBold="False" isItalic="False"/>
          <text>FREE+TRIAL</text>
          <textColor>4294967295</textColor>
          <textSize>16</textSize>
          <lineSpacing>0</lineSpacing>
          <useDefaultTextSize>False</useDefaultTextSize>
          <selectedIndex>-1</selectedIndex>
          <radius>0</radius>
          <thickness>2</thickness>
        </control>
      </groupChildrenDescriptors>
    </control>
    <control controlID="DEA9D46E-4849-4AF7-924A-9B83645EE965" controlTypeID="Shape" x="0" y="2399" w="1400" h="436" zOrder="16">
      <color>4294177779</color>
      <borderColor>4288256409</borderColor>
      <borderVisible>False</borderVisible>
      <font family="%E5%BE%AE%E8%BD%AF%E9%9B%85%E9%BB%91" displayName="%E5%BE%AE%E8%BD%AF%E9%9B%85%E9%BB%91" postScript="" weightStyle="Regular" weight="400" isBold="False" isItalic="False"/>
      <textColor>4291611852</textColor>
      <textSize>14</textSize>
      <selectedIndex>-1</selectedIndex>
    </control>
    <control controlID="A9C4DCCE-B5F7-4ABA-A0F9-CCD126928518" controlTypeID="__group__" x="167" y="2493" w="608" h="249" zOrder="17">
      <groupChildrenDescriptors>
        <control controlID="93A49910-9DBA-4584-A86B-E82E3ED0A2D9" controlTypeID="Image" x="0" y="6" w="150" h="150" zOrder="0"/>
        <control controlID="CE8B99EE-24C3-4604-9B58-6BF0A3C7C0E9" controlTypeID="TextArea" x="196" y="0" w="412" h="36" zOrder="1">
          <font family="%E5%BE%AE%E8%BD%AF%E9%9B%85%E9%BB%91" displayName="%E5%BE%AE%E8%BD%AF%E9%9B%85%E9%BB%91" postScript="" weightStyle="Regular" weight="400" isBold="False" isItalic="False"/>
          <text>STILL+HUNGRY+FOR+THE+DESIGN%3F</text>
          <textColor>4284900966</textColor>
          <textSize>24</textSize>
          <textAlign>HaCenter</textAlign>
          <useDefaultTextSize>False</useDefaultTextSize>
          <selectedIndex>-1</selectedIndex>
        </control>
        <control controlID="04159662-BCD3-4670-9FD8-AD7080C2ADF8" controlTypeID="TextArea" x="207" y="73" w="385" h="131" zOrder="2">
          <font family="%E5%BE%AE%E8%BD%AF%E9%9B%85%E9%BB%91" displayName="%E5%BE%AE%E8%BD%AF%E9%9B%85%E9%BB%91" postScript="" weightStyle="Regular" weight="400" isBold="False" isItalic="False"/>
          <text>Mockplus+is+a+desktop-based+tool+for+%0D%0Aprototyping+mobile%2C+web+and+desktop%0D%0A+apps+easily+and+quickly.+Create+interactions%0D%0A+by+simple+drag-and-drop+and+your+%0D%0Ateamwork+will+be+time-efficient+with+%0D%0Athe+collaboration+features.</text>
          <textColor>4288256409</textColor>
          <useDefaultTextSize>False</useDefaultTextSize>
          <selectedIndex>-1</selectedIndex>
        </control>
        <control controlID="0A92FE31-3668-4EC7-A194-F979A8FFEAD2" controlTypeID="Line" x="207" y="58" w="94" h="1" zOrder="3">
          <color>4288256409</color>
          <font family="%E5%BE%AE%E8%BD%AF%E9%9B%85%E9%BB%91" displayName="%E5%BE%AE%E8%BD%AF%E9%9B%85%E9%BB%91" postScript="" weightStyle="Regular" weight="400" isBold="False" isItalic="False"/>
          <textSize>14</textSize>
          <lineSpacing>0</lineSpacing>
          <selectedIndex>-1</selectedIndex>
          <controlPoint>(47,0)</controlPoint>
          <startPoint>(0,0)</startPoint>
          <endPoint>(94,0)</endPoint>
        </control>
        <control controlID="51BD5251-8828-43E6-B1FD-23C5A0C2601F" controlTypeID="Button" x="207" y="209" w="180" h="40" zOrder="4">
          <states>
            <state propName="Color" stateType="state_mouseOver" isChecked="True" value="3854383616" varType="20"/>
          </states>
          <color>4290591232</color>
          <borderColor>4290591232</borderColor>
          <borderVisible>False</borderVisible>
          <font family="%E5%BE%AE%E8%BD%AF%E9%9B%85%E9%BB%91" displayName="%E5%BE%AE%E8%BD%AF%E9%9B%85%E9%BB%91" postScript="" weightStyle="Regular" weight="400" isBold="False" isItalic="False"/>
          <text>FREE+TRIAL</text>
          <textColor>4294967295</textColor>
          <textSize>16</textSize>
          <lineSpacing>0</lineSpacing>
          <useDefaultTextSize>False</useDefaultTextSize>
          <selectedIndex>-1</selectedIndex>
          <radius>0</radius>
          <thickness>2</thickness>
        </control>
      </groupChildrenDescriptors>
    </control>
    <control controlID="943E4E58-C7CA-4D16-BBCD-95CFEB11FCAD" controlTypeID="PageControlEx" x="20" y="2276" w="200" h="40" zOrder="18">
      <selectedColor>4290591232</selectedColor>
    </control>
    <control controlID="039886E8-2E36-4EFE-9964-66169429260E" controlTypeID="TextArea" x="494" y="2922" w="412" h="36" zOrder="19">
      <font family="%E5%BE%AE%E8%BD%AF%E9%9B%85%E9%BB%91" displayName="%E5%BE%AE%E8%BD%AF%E9%9B%85%E9%BB%91" postScript="" weightStyle="Regular" weight="400" isBold="False" isItalic="False"/>
      <text>SIGN+UP+to+SUBSCRIBE</text>
      <textColor>4281545523</textColor>
      <textSize>24</textSize>
      <textAlign>HaCenter</textAlign>
      <useDefaultTextSize>False</useDefaultTextSize>
      <selectedIndex>-1</selectedIndex>
    </control>
    <control controlID="15D66C61-08F5-4551-8881-8866CF2E440D" controlTypeID="TextArea" x="399" y="2969" w="602" h="42" zOrder="20">
      <font family="%E5%BE%AE%E8%BD%AF%E9%9B%85%E9%BB%91" displayName="%E5%BE%AE%E8%BD%AF%E9%9B%85%E9%BB%91" postScript="" weightStyle="Regular" weight="400" isBold="False" isItalic="False"/>
      <text>To+get+the+latest+and+most+quality+designer+news.</text>
      <textColor>4281545523</textColor>
      <textSize>18</textSize>
      <textAlign>HaCenter</textAlign>
      <useDefaultTextSize>False</useDefaultTextSize>
      <selectedIndex>-1</selectedIndex>
    </control>
    <control controlID="1326A7C9-47B1-428D-A6CC-8B780FB0EF22" controlTypeID="Button" x="779" y="3044" w="180" h="40" zOrder="21">
      <states>
        <state propName="Color" stateType="state_mouseOver" isChecked="True" value="3854383616" varType="20"/>
      </states>
      <color>4290591232</color>
      <borderColor>4290591232</borderColor>
      <borderVisible>False</borderVisible>
      <font family="%E5%BE%AE%E8%BD%AF%E9%9B%85%E9%BB%91" displayName="%E5%BE%AE%E8%BD%AF%E9%9B%85%E9%BB%91" postScript="" weightStyle="Regular" weight="400" isBold="False" isItalic="False"/>
      <text>Sign+me+up!</text>
      <textColor>4294967295</textColor>
      <textSize>16</textSize>
      <lineSpacing>0</lineSpacing>
      <useDefaultTextSize>False</useDefaultTextSize>
      <selectedIndex>-1</selectedIndex>
      <radius>0</radius>
      <thickness>2</thickness>
    </control>
    <control controlID="1823AC2D-37BB-4F34-AB7D-E124CAAD9DFB" controlTypeID="Search" x="442" y="3044" w="319" h="40" zOrder="22">
      <states>
        <state propName="Text" stateType="state_mouseDown" isChecked="True" value="" varType="256"/>
      </states>
      <borderColor>4289374890</borderColor>
      <interactiveData>
        <entry title="">
          <area shape="0" alt="" ID="{29FA7C4B-4019-4E31-89DD-D8343662FF2D}" coords="(0,0,319,40)"/>
          <events title="">
            <event eventType="atClick" isChecked="True">
              <behaviour title="" isChecked="True" isWait="False" isLoop="False" execMode="emParallel">
                <target targetID="1823AC2D-37BB-4F34-AB7D-E124CAAD9DFB" IsNeedReplaceAsSelfID="True" isChecked="True" isAutoRecovery="False" isLoop="False" execMode="emSequence">
                  <command name="Change Visibility" isChecked="False" descrition="">
                    <param name="AniInterpolation" value="1" varType="3" description=""/>
                    <param name="AniDuration" value="200" varType="3" description=""/>
                    <param name="AniAutoReverse" value="False" varType="11" description=""/>
                    <param name="AniLoop" value="False" varType="11" description=""/>
                    <param name="AniInterpolationTypeOut" value="False" varType="11" description=""/>
                    <param name="Delay" value="0" varType="3" description=""/>
                    <param name="ValueFromCurrent" value="True" varType="11" description=""/>
                    <param name="ForceFromInitValue" value="False" varType="11" description=""/>
                    <param name="ForceSetVisible" value="False" varType="11" description=""/>
                    <param name="Value" value="1" varType="3" description=""/>
                    <param name="TerminateLoopByClick" value="True" varType="11" description=""/>
                  </command>
                </target>
              </behaviour>
            </event>
          </events>
        </entry>
      </interactiveData>
      <font family="%E5%BE%AE%E8%BD%AF%E9%9B%85%E9%BB%91" displayName="%E5%BE%AE%E8%BD%AF%E9%9B%85%E9%BB%91" postScript="" weightStyle="Regular" weight="400" isBold="False" isItalic="False"/>
      <text>Email+Address</text>
      <textSize>14</textSize>
      <textVAlign>VaTop</textVAlign>
      <lineSpacing>0</lineSpacing>
      <selectedIndex>-1</selectedIndex>
      <radius>0</radius>
    </control>
    <control controlID="63CA7D79-2025-43FC-AF2D-3CAB828B8F02" controlTypeID="Button" x="982" y="768" w="398" h="40" zOrder="23">
      <states>
        <state propName="Color" stateType="state_mouseOver" isChecked="True" value="3854383616" varType="20"/>
      </states>
      <color>4290591232</color>
      <borderColor>4290591232</borderColor>
      <borderVisible>False</borderVisible>
      <font family="%E5%BE%AE%E8%BD%AF%E9%9B%85%E9%BB%91" displayName="%E5%BE%AE%E8%BD%AF%E9%9B%85%E9%BB%91" postScript="" weightStyle="Regular" weight="400" isBold="False" isItalic="False"/>
      <text>Sign+me+up!</text>
      <textColor>4294967295</textColor>
      <textSize>16</textSize>
      <lineSpacing>0</lineSpacing>
      <useDefaultTextSize>False</useDefaultTextSize>
      <selectedIndex>-1</selectedIndex>
      <radius>0</radius>
      <thickness>2</thickness>
    </control>
    <control controlID="2FF67692-1C8D-4E46-BB58-B90D52E22CFB" controlTypeID="Button" x="982" y="1647" w="250" h="50" zOrder="24">
      <states>
        <state propName="Color" stateType="state_mouseOver" isChecked="True" value="3854383616" varType="20"/>
      </states>
      <color>4290591232</color>
      <borderColor>4290591232</borderColor>
      <borderVisible>False</borderVisible>
      <font family="%E5%BE%AE%E8%BD%AF%E9%9B%85%E9%BB%91" displayName="%E5%BE%AE%E8%BD%AF%E9%9B%85%E9%BB%91" postScript="" weightStyle="Regular" weight="400" isBold="False" isItalic="False"/>
      <text>Tell+me+more</text>
      <textColor>4294967295</textColor>
      <textSize>16</textSize>
      <lineSpacing>0</lineSpacing>
      <useDefaultTextSize>False</useDefaultTextSize>
      <selectedIndex>-1</selectedIndex>
      <radius>0</radius>
      <thickness>2</thickness>
    </control>
    <control controlID="33AB9143-0A8B-44D0-AA48-E06EC3987625" controlTypeID="Search" x="982" y="418" w="334" h="40" zOrder="25">
      <states>
        <state propName="Text" stateType="state_mouseDown" isChecked="True" value="" varType="256"/>
      </states>
      <borderColor>4289374890</borderColor>
      <interactiveData>
        <entry title="">
          <area shape="0" alt="" ID="{F0BD0F42-B3DC-4C98-8682-94BF8853A4ED}" coords="(0,0,334,40)"/>
          <events title="">
            <event eventType="atClick" isChecked="True">
              <behaviour title="" isChecked="True" isWait="False" isLoop="False" execMode="emParallel">
                <target targetID="33AB9143-0A8B-44D0-AA48-E06EC3987625" IsNeedReplaceAsSelfID="True" isChecked="True" isAutoRecovery="False" isLoop="False" execMode="emSequence">
                  <command name="Change Visibility" isChecked="False" descrition="">
                    <param name="AniInterpolation" value="1" varType="3" description=""/>
                    <param name="AniDuration" value="200" varType="3" description=""/>
                    <param name="AniAutoReverse" value="False" varType="11" description=""/>
                    <param name="AniLoop" value="False" varType="11" description=""/>
                    <param name="AniInterpolationTypeOut" value="False" varType="11" description=""/>
                    <param name="Delay" value="0" varType="3" description=""/>
                    <param name="ValueFromCurrent" value="True" varType="11" description=""/>
                    <param name="ForceFromInitValue" value="False" varType="11" description=""/>
                    <param name="ForceSetVisible" value="False" varType="11" description=""/>
                    <param name="Value" value="1" varType="3" description=""/>
                    <param name="TerminateLoopByClick" value="True" varType="11" description=""/>
                  </command>
                </target>
              </behaviour>
            </event>
          </events>
        </entry>
      </interactiveData>
      <font family="%E5%BE%AE%E8%BD%AF%E9%9B%85%E9%BB%91" displayName="%E5%BE%AE%E8%BD%AF%E9%9B%85%E9%BB%91" postScript="" weightStyle="Regular" weight="400" isBold="False" isItalic="False"/>
      <text>search</text>
      <textSize>14</textSize>
      <textVAlign>VaTop</textVAlign>
      <lineSpacing>0</lineSpacing>
      <selectedIndex>-1</selectedIndex>
      <radius>0</radius>
    </control>
    <control controlID="9B79D649-7FFE-44EE-997E-4B15D8A0E46F" controlTypeID="__group__" x="1331" y="418" w="50" h="40" zOrder="26">
      <groupChildrenDescriptors>
        <control controlID="6F19AEC0-253B-4D1F-AD9B-34F9C3B6C782" controlTypeID="Button" x="0" y="0" w="50" h="40" zOrder="0">
          <states>
            <state propName="Color" stateType="state_mouseOver" isChecked="True" value="3854383616" varType="20"/>
          </states>
          <color>4290591232</color>
          <borderColor>4290591232</borderColor>
          <borderVisible>False</borderVisible>
          <font family="%E5%BE%AE%E8%BD%AF%E9%9B%85%E9%BB%91" displayName="%E5%BE%AE%E8%BD%AF%E9%9B%85%E9%BB%91" postScript="" weightStyle="Regular" weight="400" isBold="False" isItalic="False"/>
          <textColor>4294967295</textColor>
          <textSize>16</textSize>
          <lineSpacing>0</lineSpacing>
          <useDefaultTextSize>False</useDefaultTextSize>
          <selectedIndex>-1</selectedIndex>
          <radius>0</radius>
          <thickness>2</thickness>
        </control>
        <control controlID="B023CB41-AB15-4F8A-8BFD-ACE70DF59C69" controlTypeID="Icon" x="13" y="8" w="24" h="24" zOrder="1">
          <color>4294967295</color>
          <icon>
            <ID/>
            <iconFontName>jdIonicons</iconFontName>
            <iconCode>62197</iconCode>
          </icon>
          <URL>3A3CD3DB2FAE85FFEF2A8996E634645D.svg</URL>
        </control>
      </groupChildrenDescriptors>
    </control>
    <control controlID="BF92574D-EB61-46BC-B6AA-55416DB08B2E" controlTypeID="Icon" x="1131" y="495" w="100" h="100" zOrder="27">
      <color>4290591232</color>
      <icon>
        <ID/>
        <iconFontName>jdIonicons</iconFontName>
        <iconCode>62498</iconCode>
      </icon>
      <URL>28CAC8B5F3DA0602E0DF8897FD0F0A97.svg</URL>
    </control>
    <control controlID="3E182A24-1C30-4D3D-A144-CCC5E08A8209" controlTypeID="TextInput" x="982" y="704" w="398" h="40" zOrder="28">
      <states>
        <state propName="Text" stateType="state_mouseDown" isChecked="True" value="" varType="256"/>
      </states>
      <borderColor>4289374890</borderColor>
      <interactiveData>
        <entry title="">
          <area shape="0" alt="" ID="{C7B130D0-1693-43C2-9B64-B258AFB6728D}" coords="(0,0,398,40)"/>
          <events title="">
            <event eventType="atClick" isChecked="True">
              <behaviour title="" isChecked="True" isWait="False" isLoop="False" execMode="emParallel">
                <target targetID="3E182A24-1C30-4D3D-A144-CCC5E08A8209" IsNeedReplaceAsSelfID="True" isChecked="True" isAutoRecovery="False" isLoop="False" execMode="emSequence">
                  <command name="Change Visibility" isChecked="False" descrition="">
                    <param name="AniInterpolation" value="1" varType="3" description=""/>
                    <param name="AniDuration" value="200" varType="3" description=""/>
                    <param name="AniAutoReverse" value="False" varType="11" description=""/>
                    <param name="AniLoop" value="False" varType="11" description=""/>
                    <param name="AniInterpolationTypeOut" value="False" varType="11" description=""/>
                    <param name="Delay" value="0" varType="3" description=""/>
                    <param name="ValueFromCurrent" value="True" varType="11" description=""/>
                    <param name="ForceFromInitValue" value="False" varType="11" description=""/>
                    <param name="ForceSetVisible" value="False" varType="11" description=""/>
                    <param name="Value" value="1" varType="3" description=""/>
                    <param name="TerminateLoopByClick" value="True" varType="11" description=""/>
                  </command>
                </target>
              </behaviour>
            </event>
          </events>
        </entry>
      </interactiveData>
      <font family="%E5%BE%AE%E8%BD%AF%E9%9B%85%E9%BB%91" displayName="%E5%BE%AE%E8%BD%AF%E9%9B%85%E9%BB%91" postScript="" weightStyle="Regular" weight="400" isBold="False" isItalic="False"/>
      <text>Email+Address</text>
      <lineSpacing>0</lineSpacing>
      <selectedIndex>-1</selectedIndex>
    </control>
    <control controlID="4CEC819C-5543-4F37-88F4-E7F387E7D59A" controlTypeID="Repeater" x="982" y="903" w="383" h="490" zOrder="29">
      <color>16777215</color>
      <groupChildrenDescriptors>
        <control controlID="430809FD-CC7B-4BA2-BA8E-892BABD25AB2" controlTypeID="RepeaterItem" x="0" y="0" w="383" h="150" zOrder="0" repeatID="4E0780BC-9BEF-4AF4-B9C9-EF1816D1E4A3">
          <canMove>False</canMove>
          <groupChildrenDescriptors>
            <control controlID="36CDF832-2454-4F36-8AD2-4F636CF8ED5C" controlTypeID="TextArea" x="209" y="0" w="174" h="25" zOrder="0" repeatID="8D131E63-2F36-4DD1-89D8-1D8136D6692D">
              <font family="%E5%BE%AE%E8%BD%AF%E9%9B%85%E9%BB%91" displayName="%E5%BE%AE%E8%BD%AF%E9%9B%85%E9%BB%91" postScript="" weightStyle="Regular" weight="400" isBold="False" isItalic="False"/>
              <text>Auto+Data+Fill</text>
              <textColor>4284900966</textColor>
              <textSize>16</textSize>
              <useDefaultTextSize>False</useDefaultTextSize>
              <selectedIndex>-1</selectedIndex>
            </control>
            <control controlID="550951D6-6EB2-473E-95EB-BD9674D41A98" controlTypeID="Image" x="0" y="0" w="150" h="150" zOrder="1" repeatID="D4E513B1-BE34-41F1-B110-7A3BAF431119"/>
          </groupChildrenDescriptors>
        </control>
        <control controlID="25853CA9-3EB9-4FC1-A452-0B8167F662C8" controlTypeID="RepeaterItem" x="0" y="170" w="383" h="150" zOrder="1" repeatID="4E0780BC-9BEF-4AF4-B9C9-EF1816D1E4A3">
          <canMove>False</canMove>
          <groupChildrenDescriptors>
            <control controlID="03AFB067-C67F-446B-B992-6687DBC1898C" controlTypeID="TextArea" x="209" y="0" w="174" h="25" zOrder="0" repeatID="8D131E63-2F36-4DD1-89D8-1D8136D6692D">
              <font family="%E5%BE%AE%E8%BD%AF%E9%9B%85%E9%BB%91" displayName="%E5%BE%AE%E8%BD%AF%E9%9B%85%E9%BB%91" postScript="" weightStyle="Regular" weight="400" isBold="False" isItalic="False"/>
              <text>Auto+Data+Fill</text>
              <textColor>4284900966</textColor>
              <textSize>16</textSize>
              <useDefaultTextSize>False</useDefaultTextSize>
              <selectedIndex>-1</selectedIndex>
            </control>
            <control controlID="A5A18113-BA11-4435-83D8-BB110A913465" controlTypeID="Image" x="0" y="0" w="150" h="150" zOrder="1" repeatID="D4E513B1-BE34-41F1-B110-7A3BAF431119"/>
          </groupChildrenDescriptors>
          <row>1</row>
        </control>
        <control controlID="DBB551D2-6604-4201-B9EF-2653DB965865" controlTypeID="RepeaterItem" x="0" y="340" w="383" h="150" zOrder="2" repeatID="4E0780BC-9BEF-4AF4-B9C9-EF1816D1E4A3">
          <canMove>False</canMove>
          <groupChildrenDescriptors>
            <control controlID="3374F979-FB6D-4854-B4D8-1BE166A4706E" controlTypeID="TextArea" x="209" y="0" w="174" h="25" zOrder="0" repeatID="8D131E63-2F36-4DD1-89D8-1D8136D6692D">
              <font family="%E5%BE%AE%E8%BD%AF%E9%9B%85%E9%BB%91" displayName="%E5%BE%AE%E8%BD%AF%E9%9B%85%E9%BB%91" postScript="" weightStyle="Regular" weight="400" isBold="False" isItalic="False"/>
              <text>Auto+Data+Fill</text>
              <textColor>4284900966</textColor>
              <textSize>16</textSize>
              <useDefaultTextSize>False</useDefaultTextSize>
              <selectedIndex>-1</selectedIndex>
            </control>
            <control controlID="34A9D5D0-9BF9-450E-A81B-2341BD5E14DC" controlTypeID="Image" x="0" y="0" w="150" h="150" zOrder="1" repeatID="D4E513B1-BE34-41F1-B110-7A3BAF431119"/>
          </groupChildrenDescriptors>
          <row>2</row>
        </control>
      </groupChildrenDescriptors>
      <dashMode>SdSolid</dashMode>
      <separatorColor>4291875024</separatorColor>
      <separatorDashMode>SdSolid</separatorDashMode>
      <itemWidth>383</itemWidth>
      <itemHeight>150</itemHeight>
    </control>
    <control controlID="5AC6C3E4-6517-45DF-8193-23F5A1528E1A" controlTypeID="Image" x="20" y="418" w="867" h="1813" zOrder="30">
      <URL>CD2DC7633347F211915C71AE5D127E45.png</URL>
    </control>
    <control controlID="1C9F8CC9-590C-4D38-B1E7-8F74A66235DF" controlTypeID="Master" x="1142" y="42" w="238" h="19" zOrder="31" masterID="F21DDD7C-5FFF-4C9B-BD85-0CEAC5252BD1">
      <groupChildrenDescriptors>
        <control controlID="57262931-9EE6-475C-9E82-45B12C423829" controlTypeID="Label" x="29" y="0" w="36" h="19" zOrder="0">
          <states>
            <state propName="TextColor" stateType="state_mouseOver" isChecked="True" value="4281545523" varType="20"/>
          </states>
          <font family="%E5%BE%AE%E8%BD%AF%E9%9B%85%E9%BB%91" displayName="%E5%BE%AE%E8%BD%AF%E9%9B%85%E9%BB%91" postScript="" weightStyle="Regular" weight="400" isBold="False" isItalic="False"/>
          <text>Login</text>
          <textColor>4288256409</textColor>
          <lineSpacing>0</lineSpacing>
          <selectedIndex>-1</selectedIndex>
        </control>
        <control controlID="CCC31554-E48F-492A-B306-9DDDBC32A8BE" controlTypeID="Label" x="93" y="0" w="55" h="19" zOrder="1">
          <states>
            <state propName="TextColor" stateType="state_mouseOver" isChecked="True" value="4281545523" varType="20"/>
          </states>
          <font family="%E5%BE%AE%E8%BD%AF%E9%9B%85%E9%BB%91" displayName="%E5%BE%AE%E8%BD%AF%E9%9B%85%E9%BB%91" postScript="" weightStyle="Regular" weight="400" isBold="False" isItalic="False"/>
          <text>Register</text>
          <textColor>4288256409</textColor>
          <lineSpacing>0</lineSpacing>
          <selectedIndex>-1</selectedIndex>
        </control>
        <control controlID="4E989D9D-41E1-43F6-866D-B466470AFAC2" controlTypeID="Label" x="164" y="0" w="69" h="19" zOrder="2">
          <states>
            <state propName="TextColor" stateType="state_mouseOver" isChecked="True" value="4281545523" varType="20"/>
          </states>
          <font family="%E5%BE%AE%E8%BD%AF%E9%9B%85%E9%BB%91" displayName="%E5%BE%AE%E8%BD%AF%E9%9B%85%E9%BB%91" postScript="" weightStyle="Regular" weight="400" isBold="False" isItalic="False"/>
          <text>%5B+Chinese+%5D</text>
          <textColor>4288256409</textColor>
          <lineSpacing>0</lineSpacing>
          <selectedIndex>-1</selectedIndex>
        </control>
        <control controlID="0BD0604D-A1D2-4A12-B293-836D9140E7EE" controlTypeID="Icon" x="0" y="1" w="18" h="18" zOrder="3">
          <icon>
            <ID/>
            <iconFontName>jdIonicons</iconFontName>
            <iconCode>62368</iconCode>
          </icon>
          <URL>B91434690C5B5224D1CC6B1998F1178A.svg</URL>
        </control>
        <control controlID="ACA4C168-C386-4CBB-AEF5-BCF603CDB3FB" controlTypeID="VRule" x="74" y="5" w="12" h="10" zOrder="4">
          <color>4290493371</color>
        </control>
      </groupChildrenDescriptors>
    </control>
    <control controlID="E853C3A6-E8DB-4E20-90C5-828C4A2350CE" controlTypeID="PopupPanel" x="887" y="76" w="46" h="46" zOrder="32">
      <groupChildrenDescriptors>
        <control controlID="54553778-6991-4099-99DE-EBCC882E50A8" controlTypeID="Panel" x="0" y="0" w="1400" h="3400" zOrder="0">
          <locked>True</locked>
          <color>1879048192</color>
          <borderVisible>False</borderVisible>
          <canMove>False</canMove>
          <alias>background</alias>
          <groupChildrenDescriptors>
            <control controlID="E1DB748F-26F8-4F24-94FC-120610BDD73D" controlTypeID="Border" x="0" y="0" w="1400" h="3400" zOrder="0">
              <borderVisible>False</borderVisible>
              <alias>borderLayer</alias>
            </control>
          </groupChildrenDescriptors>
          <thinkness>1</thinkness>
        </control>
        <control controlID="4C7C693F-B54A-44BE-A68E-EA4B68670A88" controlTypeID="PopupPanelContent" x="887" y="74" w="168" h="79" zOrder="1">
          <color>16777215</color>
          <alias>content</alias>
          <groupChildrenDescriptors>
            <control controlID="AB3F53C9-7AEF-4FEF-84BD-54299DE4F484" controlTypeID="List" x="0" y="0" w="168" h="79" zOrder="0">
              <color>4281282351</color>
              <borderVisible>False</borderVisible>
              <font family="%E5%BE%AE%E8%BD%AF%E9%9B%85%E9%BB%91" displayName="%E5%BE%AE%E8%BD%AF%E9%9B%85%E9%BB%91" postScript="" weightStyle="Regular" weight="400" isBold="False" isItalic="False"/>
              <text>Support%0D%0ATutorials%0D%0AAbout+Us</text>
              <textColor>4288256409</textColor>
              <textSize>14</textSize>
              <lineSpacing>0</lineSpacing>
              <selectedColor>4283979864</selectedColor>
              <selectedTextColor>4288256409</selectedTextColor>
            </control>
          </groupChildrenDescriptors>
        </control>
      </groupChildrenDescriptors>
    </control>
  </controls>
  <param>
    <backgroundColor>4294967295</backgroundColor>
    <fontSize>14</fontSize>
    <fontFamily>%E5%BE%AE%E8%BD%AF%E9%9B%85%E9%BB%91</fontFamily>
    <guideLines>
      <guideLine isLocked="False" isHori="True" value="20.0000610351563"/>
      <guideLine isLocked="False" isHori="True" value="1380.00036621094"/>
      <guideLine isLocked="False" isHori="False" value="38"/>
      <guideLine isLocked="False" isHori="False" value="999.999938964844"/>
      <guideLine isLocked="False" isHori="True" value="724.24267578125"/>
      <guideLine isLocked="False" isHori="False" value="77.2727279663086"/>
      <guideLine isLocked="False" isHori="True" value="886.36328125"/>
      <guideLine isLocked="False" isHori="True" value="1225.99987792969"/>
      <guideLine isLocked="False" isHori="True" value="98"/>
      <guideLine isLocked="False" isHori="True" value="200"/>
      <guideLine isLocked="False" isHori="True" value="857.999755859375"/>
      <guideLine isLocked="False" isHori="True" value="984.000244140625"/>
      <guideLine isLocked="False" isHori="False" value="2391.51513671875"/>
      <guideLine isLocked="False" isHori="True" value="1191.2001953125"/>
    </guideLines>
  </param>
</mockup>