﻿<mockup version="5.3" minAllowVersion="5.3" ID="8A1BE9EE-A83D-4671-9201-7B3AA8124E54" platform="MtWeb" defaultW="1400" defaultH="800" measureW="1400" measureH="800" mobileScreenScale="0">
  <controls controlCount="2">
    <control controlID="261BEF5B-ACD8-4B1C-9F65-BE8F19256164" controlTypeID="Button" x="636" y="338" w="128" h="36" zOrder="0">
      <color>4290591232</color>
      <borderColor>4290591232</borderColor>
      <links eventType="AtClick" animate="AmNone" animateAutoDelay="0" animateDuration="500">
        <link targetPageID="938A19D8-499C-4155-B67C-252C18DCDA83" linkType="ltPageLink" isApplyIncludePage="False" title="%E7%99%BB%E5%BD%95">
          <area shape="0" alt="" ID="{DC1364EA-C412-4F29-ACCD-1E6090BE9B08}" coords="(0,0,128,36)"/>
        </link>
      </links>
      <font family="%E5%BE%AE%E8%BD%AF%E9%9B%85%E9%BB%91" displayName="%E5%BE%AE%E8%BD%AF%E9%9B%85%E9%BB%91" postScript="" weightStyle="Regular" weight="400" isBold="False" isItalic="False"/>
      <text>%E5%8E%BB%E7%99%BB%E5%BD%95</text>
      <textSize>16</textSize>
      <lineSpacing>0</lineSpacing>
      <useDefaultTextSize>False</useDefaultTextSize>
      <selectedIndex>-1</selectedIndex>
      <radius>0</radius>
      <isAutoTextColor>True</isAutoTextColor>
    </control>
    <control controlID="C7316FE0-3991-4AF1-A7B9-1C69274B00E6" controlTypeID="Label" x="570" y="206" w="259" h="80" zOrder="1">
      <font family="%E5%BE%AE%E8%BD%AF%E9%9B%85%E9%BB%91" displayName="%E5%BE%AE%E8%BD%AF%E9%9B%85%E9%BB%91" postScript="" weightStyle="Regular" weight="400" isBold="False" isItalic="False"/>
      <text>%E6%B3%A8%E5%86%8C%E6%88%90%E5%8A%9F%EF%BC%81</text>
      <textSize>60</textSize>
      <lineSpacing>0</lineSpacing>
      <useDefaultTextSize>False</useDefaultTextSize>
      <selectedIndex>-1</selectedIndex>
    </control>
  </controls>
  <param>
    <backgroundColor>4294967295</backgroundColor>
    <fontSize>14</fontSize>
    <fontFamily>%E5%BE%AE%E8%BD%AF%E9%9B%85%E9%BB%91</fontFamily>
    <guideLines/>
  </param>
</mockup>