﻿<mockup version="5.3" minAllowVersion="5.3" ID="938A19D8-499C-4155-B67C-252C18DCDA83" platform="MtWeb" defaultW="1400" defaultH="800" measureW="1400" measureH="800" mobileScreenScale="0">
  <controls controlCount="13">
    <control controlID="0261C523-BAF1-4218-8AEC-CE1F17764360" controlTypeID="__group__" x="20" y="34" w="580" h="33" zOrder="0">
      <groupChildrenDescriptors>
        <control controlID="DF829402-5734-492B-8A34-EA15D7374169" controlTypeID="Image" x="0" y="3" w="96" h="30" zOrder="0">
          <caption>logo</caption>
        </control>
        <control controlID="6B601FBF-5F6B-45EE-9D56-2AC9A5448F4C" controlTypeID="Label" x="400" y="0" w="39" h="27" zOrder="1">
          <states>
            <state propName="TextColor" stateType="state_mouseOver" isChecked="True" value="4291611852" varType="20"/>
          </states>
          <links eventType="AtClick" animate="AmNone" animateAutoDelay="0" animateDuration="500">
            <link targetPageID="66E9059F-8141-410B-AB04-14EE23772128" linkType="ltPageLink" isApplyIncludePage="False" title="Download">
              <area shape="0" alt="" ID="{D8D7F3B9-674D-4530-A14E-8F266CC73C5A}" coords="(0,0,39,27)"/>
            </link>
          </links>
          <font family="%E5%BE%AE%E8%BD%AF%E9%9B%85%E9%BB%91" displayName="%E5%BE%AE%E8%BD%AF%E9%9B%85%E9%BB%91" postScript="" weightStyle="Regular" weight="400" isBold="False" isItalic="False"/>
          <text>%E5%AF%BB%E7%89%A9</text>
          <textColor>4288256409</textColor>
          <textSize>20</textSize>
          <lineSpacing>0</lineSpacing>
          <useDefaultTextSize>False</useDefaultTextSize>
          <selectedIndex>-1</selectedIndex>
        </control>
        <control controlID="497F07ED-6B76-4EA8-ABD5-5A7FD4590761" controlTypeID="Label" x="197" y="0" w="39" h="27" zOrder="2">
          <links eventType="AtClick" animate="AmNone" animateAutoDelay="0" animateDuration="500">
            <link targetPageID="9E7EE126-BC99-4CF2-8433-3307DCE602C5" linkType="ltPageLink" isApplyIncludePage="False" title="Home">
              <area shape="0" alt="" ID="{7FD98469-59E0-4EC0-AFFC-26F59695F5B2}" coords="(0,0,39,27)"/>
            </link>
          </links>
          <font family="%E5%BE%AE%E8%BD%AF%E9%9B%85%E9%BB%91" displayName="%E5%BE%AE%E8%BD%AF%E9%9B%85%E9%BB%91" postScript="" weightStyle="Regular" weight="400" isBold="False" isItalic="False"/>
          <text>%E4%B8%BB%E9%A1%B5</text>
          <textColor>4288256409</textColor>
          <textSize>20</textSize>
          <lineSpacing>0</lineSpacing>
          <useDefaultTextSize>False</useDefaultTextSize>
          <selectedIndex>-1</selectedIndex>
        </control>
        <control controlID="63A3D443-9CA6-4372-9F32-83BCE80EDF2B" controlTypeID="Label" x="298" y="0" w="40" h="27" zOrder="3">
          <states>
            <state propName="TextColor" stateType="state_mouseOver" isChecked="True" value="4291611852" varType="20"/>
          </states>
          <links eventType="AtClick" animate="AmNone" animateAutoDelay="0" animateDuration="500">
            <link targetPageID="BD193AFF-70A0-41C2-A87E-D5AA02699736" linkType="ltPageLink" isApplyIncludePage="False" title="Features">
              <area shape="0" alt="" ID="{0567DBB1-16BD-4BFB-9011-D7070E019E7B}" coords="(0,0,40,27)"/>
            </link>
          </links>
          <font family="%E5%BE%AE%E8%BD%AF%E9%9B%85%E9%BB%91" displayName="%E5%BE%AE%E8%BD%AF%E9%9B%85%E9%BB%91" postScript="" weightStyle="Regular" weight="400" isBold="False" isItalic="False"/>
          <text>%E6%8B%9B%E9%A2%86</text>
          <textColor>4288256409</textColor>
          <textSize>20</textSize>
          <lineSpacing>0</lineSpacing>
          <useDefaultTextSize>False</useDefaultTextSize>
          <selectedIndex>-1</selectedIndex>
        </control>
        <control controlID="A00F1631-CAC4-4D78-82C0-84EE08A5EEC7" controlTypeID="Label" x="500" y="0" w="80" h="27" zOrder="4">
          <states>
            <state propName="TextColor" stateType="state_mouseOver" isChecked="True" value="4291611852" varType="20"/>
          </states>
          <links eventType="AtClick" animate="AmNone" animateAutoDelay="0" animateDuration="500">
            <link targetPageID="21B49ED9-444B-46C0-9FD9-D141901F3427" linkType="ltPageLink" isApplyIncludePage="False" title="%E4%B8%AA%E4%BA%BA%E4%B8%AD%E5%BF%83">
              <area shape="0" alt="" ID="{76261CEC-557C-4B5D-8F56-1F1019B88A53}" coords="(0,0,80,27)"/>
            </link>
          </links>
          <font family="%E5%BE%AE%E8%BD%AF%E9%9B%85%E9%BB%91" displayName="%E5%BE%AE%E8%BD%AF%E9%9B%85%E9%BB%91" postScript="" weightStyle="Regular" weight="400" isBold="False" isItalic="False"/>
          <text>%E4%B8%AA%E4%BA%BA%E4%B8%AD%E5%BF%83</text>
          <textColor>4288256409</textColor>
          <textSize>20</textSize>
          <lineSpacing>0</lineSpacing>
          <useDefaultTextSize>False</useDefaultTextSize>
          <selectedIndex>-1</selectedIndex>
        </control>
      </groupChildrenDescriptors>
    </control>
    <control controlID="9B701A76-1EA2-44A3-98DC-442CBEF4F3F5" controlTypeID="Label" x="660" y="170" w="79" h="53" zOrder="1">
      <font family="%E5%BE%AE%E8%BD%AF%E9%9B%85%E9%BB%91" displayName="%E5%BE%AE%E8%BD%AF%E9%9B%85%E9%BB%91" postScript="" weightStyle="Regular" weight="400" isBold="False" isItalic="False"/>
      <text>%E7%99%BB%E5%BD%95</text>
      <textSize>40</textSize>
      <lineSpacing>0</lineSpacing>
      <useDefaultTextSize>False</useDefaultTextSize>
      <selectedIndex>-1</selectedIndex>
    </control>
    <control controlID="0DE7A33D-BE7D-464A-9767-C1EC49BD54AA" controlTypeID="TextInput" x="715" y="401" w="342" h="40" zOrder="2">
      <font family="%E5%BE%AE%E8%BD%AF%E9%9B%85%E9%BB%91" displayName="%E5%BE%AE%E8%BD%AF%E9%9B%85%E9%BB%91" postScript="" weightStyle="Regular" weight="400" isBold="False" isItalic="False"/>
      <lineSpacing>0</lineSpacing>
      <selectedIndex>-1</selectedIndex>
    </control>
    <control controlID="ABE6F587-9C8C-442C-9113-FC7F02FE3010" controlTypeID="TextInput" x="715" y="319" w="342" h="40" zOrder="3">
      <font family="%E5%BE%AE%E8%BD%AF%E9%9B%85%E9%BB%91" displayName="%E5%BE%AE%E8%BD%AF%E9%9B%85%E9%BB%91" postScript="" weightStyle="Regular" weight="400" isBold="False" isItalic="False"/>
      <lineSpacing>0</lineSpacing>
      <selectedIndex>-1</selectedIndex>
    </control>
    <control controlID="CC25415F-1297-49BE-A668-5196A36B01BB" controlTypeID="Label" x="414" y="319" w="186" h="32" zOrder="4">
      <font family="%E5%BE%AE%E8%BD%AF%E9%9B%85%E9%BB%91" displayName="%E5%BE%AE%E8%BD%AF%E9%9B%85%E9%BB%91" postScript="" weightStyle="Regular" weight="400" isBold="False" isItalic="False"/>
      <text>%E6%89%8B%E6%9C%BA%2F%E9%82%AE%E7%AE%B1%2F%E7%94%A8%E6%88%B7%E5%90%8D</text>
      <textSize>24</textSize>
      <lineSpacing>0</lineSpacing>
      <useDefaultTextSize>False</useDefaultTextSize>
      <selectedIndex>-1</selectedIndex>
    </control>
    <control controlID="61E5B610-2A6A-46C9-BE77-0B139B8FD88E" controlTypeID="Label" x="414" y="395" w="47" h="32" zOrder="5">
      <font family="%E5%BE%AE%E8%BD%AF%E9%9B%85%E9%BB%91" displayName="%E5%BE%AE%E8%BD%AF%E9%9B%85%E9%BB%91" postScript="" weightStyle="Regular" weight="400" isBold="False" isItalic="False"/>
      <text>%E5%AF%86%E7%A0%81</text>
      <textSize>24</textSize>
      <lineSpacing>0</lineSpacing>
      <useDefaultTextSize>False</useDefaultTextSize>
      <selectedIndex>-1</selectedIndex>
    </control>
    <control controlID="00668BF5-EB29-41B6-BA49-AFF607115D6B" controlTypeID="Button" x="618" y="550" w="180" h="40" zOrder="6">
      <color>4290591232</color>
      <borderColor>4290591232</borderColor>
      <links eventType="AtClick" animate="AmNone" animateAutoDelay="0" animateDuration="500">
        <link targetPageID="9E7EE126-BC99-4CF2-8433-3307DCE602C5" linkType="ltPageLink" isApplyIncludePage="False" title="Home">
          <area shape="0" alt="" ID="{170729EC-BA04-4EC0-BCFE-BDCA9753B3AB}" coords="(0,0,180,40)"/>
        </link>
      </links>
      <font family="%E5%BE%AE%E8%BD%AF%E9%9B%85%E9%BB%91" displayName="%E5%BE%AE%E8%BD%AF%E9%9B%85%E9%BB%91" postScript="" weightStyle="Regular" weight="400" isBold="False" isItalic="False"/>
      <text>%E7%99%BB%E5%BD%95</text>
      <textSize>16</textSize>
      <lineSpacing>0</lineSpacing>
      <useDefaultTextSize>False</useDefaultTextSize>
      <selectedIndex>-1</selectedIndex>
      <radius>0</radius>
      <isAutoTextColor>True</isAutoTextColor>
    </control>
    <control controlID="343275F4-5F10-4EDD-A42C-FC75E20D4DC4" controlTypeID="Button" x="605" y="612" w="206" h="28" zOrder="7">
      <links eventType="AtClick" animate="AmNone" animateAutoDelay="0" animateDuration="500">
        <link targetPageID="0ADD581E-8845-4EE0-A80C-9746C5FCDFA2" linkType="ltPageLink" isApplyIncludePage="False" title="%E6%B3%A8%E5%86%8C">
          <area shape="0" alt="" ID="{297AAD66-F8E8-4798-A65A-C7C53230F749}" coords="(0,0,206,28)"/>
        </link>
      </links>
      <font family="%E5%BE%AE%E8%BD%AF%E9%9B%85%E9%BB%91" displayName="%E5%BE%AE%E8%BD%AF%E9%9B%85%E9%BB%91" postScript="" weightStyle="Regular" weight="400" isBold="False" isItalic="False"/>
      <text>%E8%BF%98%E6%B2%A1%E6%9C%89%E8%B4%A6%E5%8F%B7%EF%BC%9F%E7%82%B9%E5%87%BB%E6%B3%A8%E5%86%8C</text>
      <lineSpacing>0</lineSpacing>
      <selectedIndex>-1</selectedIndex>
      <radius>4</radius>
    </control>
  </controls>
  <param>
    <backgroundColor>4294967295</backgroundColor>
    <fontSize>14</fontSize>
    <fontFamily>%E5%BE%AE%E8%BD%AF%E9%9B%85%E9%BB%91</fontFamily>
    <guideLines/>
  </param>
</mockup>