﻿<mockup version="5.3" minAllowVersion="5.3" ID="9E7EE126-BC99-4CF2-8433-3307DCE602C5" platform="MtWeb" defaultW="1400" defaultH="800" measureW="1400" measureH="800" mobileScreenScale="0">
  <controls controlCount="48">
    <control controlID="FFA3625D-EFE0-4B4C-AED0-FE7D1D5A560E" controlTypeID="Shape" x="0" y="0" w="1400" h="1200" zOrder="0">
      <locked>True</locked>
      <color>4281808953</color>
      <borderColor>4281808953</borderColor>
      <borderVisible>False</borderVisible>
      <font family="%E5%BE%AE%E8%BD%AF%E9%9B%85%E9%BB%91" displayName="%E5%BE%AE%E8%BD%AF%E9%9B%85%E9%BB%91" postScript="" weightStyle="Regular" weight="400" isBold="False" isItalic="False"/>
      <textSize>14</textSize>
      <selectedIndex>-1</selectedIndex>
    </control>
    <control controlID="EB177091-2EBD-4841-A999-F98782B4007B" controlTypeID="Label" x="580" y="127" w="240" h="53" zOrder="1">
      <font family="%E5%BE%AE%E8%BD%AF%E9%9B%85%E9%BB%91" displayName="%E5%BE%AE%E8%BD%AF%E9%9B%85%E9%BB%91" postScript="" weightStyle="Regular" weight="400" isBold="False" isItalic="False"/>
      <text>%E5%A4%B1%E7%89%A9%E6%8B%9B%E9%A2%86%E5%B9%B3%E5%8F%B0</text>
      <textColor>4292730333</textColor>
      <textSize>40</textSize>
      <lineSpacing>0</lineSpacing>
      <useDefaultTextSize>False</useDefaultTextSize>
      <selectedIndex>-1</selectedIndex>
    </control>
    <control controlID="9BD06A6E-AFBD-4E4B-A5D2-B5406F39B931" controlTypeID="Label" x="566" y="202" w="269" h="40" zOrder="2">
      <font family="%E5%BE%AE%E8%BD%AF%E9%9B%85%E9%BB%91" displayName="%E5%BE%AE%E8%BD%AF%E9%9B%85%E9%BB%91" postScript="" weightStyle="Regular" weight="400" isBold="False" isItalic="False"/>
      <text>%E8%AE%A9%E4%B8%80%E5%88%87%E5%A4%B1%E7%89%A9%E7%89%A9%E5%BD%92%E5%8E%9F%E4%B8%BB</text>
      <textColor>4284900966</textColor>
      <textSize>30</textSize>
      <lineSpacing>0</lineSpacing>
      <useDefaultTextSize>False</useDefaultTextSize>
      <selectedIndex>-1</selectedIndex>
    </control>
    <control controlID="942B2EA0-32C5-44AA-B553-2A06331A04A9" controlTypeID="Button" x="452" y="294" w="190" h="75" zOrder="3">
      <states>
        <state propName="Color" stateType="state_mouseOver" isChecked="True" value="4290591232" varType="20"/>
        <state propName="TextColor" stateType="state_mouseOver" isChecked="True" value="4294967295" varType="20"/>
      </states>
      <color>4281808953</color>
      <borderColor>4290591232</borderColor>
      <links eventType="AtClick" animate="AmNone" animateAutoDelay="0" animateDuration="500">
        <link targetPageID="66E9059F-8141-410B-AB04-14EE23772128" linkType="ltPageLink" isApplyIncludePage="False" title="Lost">
          <area shape="0" alt="" ID="{A58187CA-4ED8-416E-BB7F-C79EF0A87ECC}" coords="(0,0,190,75)"/>
        </link>
      </links>
      <font family="%E5%BE%AE%E8%BD%AF%E9%9B%85%E9%BB%91" displayName="%E5%BE%AE%E8%BD%AF%E9%9B%85%E9%BB%91" postScript="" weightStyle="Regular" weight="400" isBold="False" isItalic="False"/>
      <text>%E5%AF%BB%E7%89%A9</text>
      <textColor>4290591232</textColor>
      <textSize>32</textSize>
      <lineSpacing>0</lineSpacing>
      <useDefaultTextSize>False</useDefaultTextSize>
      <selectedIndex>-1</selectedIndex>
      <radius>0</radius>
      <thickness>2</thickness>
    </control>
    <control controlID="F620AEE4-9CCB-4B46-8DCE-22E1CD23C161" controlTypeID="Button" x="769" y="294" w="190" h="75" zOrder="4">
      <states>
        <state propName="Color" stateType="state_mouseOver" isChecked="True" value="3854383616" varType="20"/>
      </states>
      <color>4290591232</color>
      <borderColor>4290591232</borderColor>
      <links eventType="AtClick" animate="AmNone" animateAutoDelay="0" animateDuration="500">
        <link targetPageID="BD193AFF-70A0-41C2-A87E-D5AA02699736" linkType="ltPageLink" isApplyIncludePage="False" title="Found">
          <area shape="0" alt="" ID="{A5607DA8-69A6-45EF-B8DB-2FEFE2E5C46D}" coords="(0,0,190,75)"/>
        </link>
      </links>
      <font family="%E5%BE%AE%E8%BD%AF%E9%9B%85%E9%BB%91" displayName="%E5%BE%AE%E8%BD%AF%E9%9B%85%E9%BB%91" postScript="" weightStyle="Regular" weight="400" isBold="False" isItalic="False"/>
      <text>%E6%8B%9B%E9%A2%86</text>
      <textColor>4294967295</textColor>
      <textSize>32</textSize>
      <lineSpacing>0</lineSpacing>
      <useDefaultTextSize>False</useDefaultTextSize>
      <selectedIndex>-1</selectedIndex>
      <radius>0</radius>
      <thickness>2</thickness>
    </control>
    <control controlID="1ABC489A-8A0C-4DDD-BE67-6B933297D00B" controlTypeID="HRule" x="642" y="180" w="117" h="12" zOrder="5">
      <thickness>1</thickness>
    </control>
    <control controlID="AD3558A8-E5CA-42BB-B546-1385372A6F8E" controlTypeID="__group__" x="19" y="34" w="580" h="33" zOrder="6">
      <groupChildrenDescriptors>
        <control controlID="885BEE88-C005-4B17-91ED-B03C3FD17915" controlTypeID="Image" x="0" y="3" w="96" h="30" zOrder="0">
          <caption>logo</caption>
        </control>
        <control controlID="F5399C61-A794-4DBA-B930-39DC2A3BBCE1" controlTypeID="Label" x="400" y="0" w="39" h="27" zOrder="1">
          <states>
            <state propName="TextColor" stateType="state_mouseOver" isChecked="True" value="4291611852" varType="20"/>
          </states>
          <links eventType="AtClick" animate="AmNone" animateAutoDelay="0" animateDuration="500">
            <link targetPageID="66E9059F-8141-410B-AB04-14EE23772128" linkType="ltPageLink" isApplyIncludePage="False" title="Download">
              <area shape="0" alt="" ID="{D8D7F3B9-674D-4530-A14E-8F266CC73C5A}" coords="(0,0,39,27)"/>
            </link>
          </links>
          <font family="%E5%BE%AE%E8%BD%AF%E9%9B%85%E9%BB%91" displayName="%E5%BE%AE%E8%BD%AF%E9%9B%85%E9%BB%91" postScript="" weightStyle="Regular" weight="400" isBold="False" isItalic="False"/>
          <text>%E5%AF%BB%E7%89%A9</text>
          <textColor>4288256409</textColor>
          <textSize>20</textSize>
          <lineSpacing>0</lineSpacing>
          <useDefaultTextSize>False</useDefaultTextSize>
          <selectedIndex>-1</selectedIndex>
        </control>
        <control controlID="CA64AA5C-97D2-4CC5-987A-A0A449F4CDC4" controlTypeID="Label" x="197" y="0" w="39" h="27" zOrder="2">
          <links eventType="AtClick" animate="AmNone" animateAutoDelay="0" animateDuration="500">
            <link targetPageID="9E7EE126-BC99-4CF2-8433-3307DCE602C5" linkType="ltPageLink" isApplyIncludePage="False" title="Home">
              <area shape="0" alt="" ID="{7FD98469-59E0-4EC0-AFFC-26F59695F5B2}" coords="(0,0,39,27)"/>
            </link>
          </links>
          <font family="%E5%BE%AE%E8%BD%AF%E9%9B%85%E9%BB%91" displayName="%E5%BE%AE%E8%BD%AF%E9%9B%85%E9%BB%91" postScript="" weightStyle="Regular" weight="400" isBold="False" isItalic="False"/>
          <text>%E4%B8%BB%E9%A1%B5</text>
          <textColor>4288256409</textColor>
          <textSize>20</textSize>
          <lineSpacing>0</lineSpacing>
          <useDefaultTextSize>False</useDefaultTextSize>
          <selectedIndex>-1</selectedIndex>
        </control>
        <control controlID="5E33517E-8897-4F71-9A81-79AA5985E852" controlTypeID="Label" x="298" y="0" w="40" h="27" zOrder="3">
          <states>
            <state propName="TextColor" stateType="state_mouseOver" isChecked="True" value="4291611852" varType="20"/>
          </states>
          <links eventType="AtClick" animate="AmNone" animateAutoDelay="0" animateDuration="500">
            <link targetPageID="BD193AFF-70A0-41C2-A87E-D5AA02699736" linkType="ltPageLink" isApplyIncludePage="False" title="Features">
              <area shape="0" alt="" ID="{0567DBB1-16BD-4BFB-9011-D7070E019E7B}" coords="(0,0,40,27)"/>
            </link>
          </links>
          <font family="%E5%BE%AE%E8%BD%AF%E9%9B%85%E9%BB%91" displayName="%E5%BE%AE%E8%BD%AF%E9%9B%85%E9%BB%91" postScript="" weightStyle="Regular" weight="400" isBold="False" isItalic="False"/>
          <text>%E6%8B%9B%E9%A2%86</text>
          <textColor>4288256409</textColor>
          <textSize>20</textSize>
          <lineSpacing>0</lineSpacing>
          <useDefaultTextSize>False</useDefaultTextSize>
          <selectedIndex>-1</selectedIndex>
        </control>
        <control controlID="37A444E3-7F94-41F8-8410-65501B036907" controlTypeID="Label" x="500" y="0" w="80" h="27" zOrder="4">
          <states>
            <state propName="TextColor" stateType="state_mouseOver" isChecked="True" value="4291611852" varType="20"/>
          </states>
          <links eventType="AtClick" animate="AmNone" animateAutoDelay="0" animateDuration="500">
            <link targetPageID="21B49ED9-444B-46C0-9FD9-D141901F3427" linkType="ltPageLink" isApplyIncludePage="False" title="%E4%B8%AA%E4%BA%BA%E4%B8%AD%E5%BF%83">
              <area shape="0" alt="" ID="{76261CEC-557C-4B5D-8F56-1F1019B88A53}" coords="(0,0,80,27)"/>
            </link>
          </links>
          <font family="%E5%BE%AE%E8%BD%AF%E9%9B%85%E9%BB%91" displayName="%E5%BE%AE%E8%BD%AF%E9%9B%85%E9%BB%91" postScript="" weightStyle="Regular" weight="400" isBold="False" isItalic="False"/>
          <text>%E4%B8%AA%E4%BA%BA%E4%B8%AD%E5%BF%83</text>
          <textColor>4288256409</textColor>
          <textSize>20</textSize>
          <lineSpacing>0</lineSpacing>
          <useDefaultTextSize>False</useDefaultTextSize>
          <selectedIndex>-1</selectedIndex>
        </control>
      </groupChildrenDescriptors>
    </control>
    <control controlID="089AEE16-FF76-419A-8684-0B6D116DA7D3" controlTypeID="Master" x="0" y="1120" w="1400" h="80" zOrder="7" masterID="24338112-78F9-4D38-8F21-F0FAFA2D27E7">
      <groupChildrenDescriptors>
        <control controlID="65BB3A89-FC67-426A-8FA4-CCC069E1694C" controlTypeID="__group__" x="0" y="0" w="1400" h="80" zOrder="0">
          <groupChildrenDescriptors>
            <control controlID="5EA0F02C-1F25-4840-9624-137A87B6FEC4" controlTypeID="Shape" x="0" y="0" w="1400" h="80" zOrder="0">
              <color>4279374612</color>
              <font family="%E5%BE%AE%E8%BD%AF%E9%9B%85%E9%BB%91" displayName="%E5%BE%AE%E8%BD%AF%E9%9B%85%E9%BB%91" postScript="" weightStyle="Regular" weight="400" isBold="False" isItalic="False"/>
              <textSize>14</textSize>
              <selectedIndex>-1</selectedIndex>
            </control>
            <control controlID="93ECE0C7-B206-433E-BBAA-8D6E822E89E8" controlTypeID="Label" x="20" y="30" w="105" h="19" zOrder="1">
              <font family="%E5%BE%AE%E8%BD%AF%E9%9B%85%E9%BB%91" displayName="%E5%BE%AE%E8%BD%AF%E9%9B%85%E9%BB%91" postScript="" weightStyle="Regular" weight="400" isBold="False" isItalic="False"/>
              <text>Our+Customers%EF%BC%9A</text>
              <textColor>4284900966</textColor>
              <lineSpacing>0</lineSpacing>
              <useDefaultTextSize>False</useDefaultTextSize>
              <selectedIndex>-1</selectedIndex>
            </control>
            <control controlID="ED6B4CC1-4A99-4857-8968-1C160A4F7C06" controlTypeID="Label" x="853" y="32" w="310" h="16" zOrder="2">
              <color>16777215</color>
              <font family="%E5%BE%AE%E8%BD%AF%E9%9B%85%E9%BB%91" displayName="%E5%BE%AE%E8%BD%AF%E9%9B%85%E9%BB%91" postScript="" weightStyle="Regular" weight="400" isBold="False" isItalic="False"/>
              <text>%C2%A9+2014-2018+Jongde+Software+LLC+All+rights+reserved.</text>
              <textColor>4284900966</textColor>
              <textSize>12</textSize>
              <textAlign>HaCenter</textAlign>
              <lineSpacing>0</lineSpacing>
              <useDefaultTextSize>False</useDefaultTextSize>
              <selectedIndex>-1</selectedIndex>
            </control>
            <control controlID="D31F2E80-BAFF-491F-BF68-B725C19C98DC" controlTypeID="Icon" x="1276" y="28" w="24" h="24" zOrder="3">
              <states>
                <state propName="Color" stateType="state_mouseOver" isChecked="True" value="4291611852" varType="20"/>
              </states>
              <icon>
                <ID/>
                <iconFontName>jdFontAwesome</iconFontName>
                <iconCode>61570</iconCode>
              </icon>
              <URL>4CEBA48D845888E06C868951A5E1A875.svg</URL>
            </control>
            <control controlID="FD923CF9-B735-4275-A365-167C461D6F71" controlTypeID="Icon" x="1317" y="28" w="24" h="24" zOrder="4">
              <states>
                <state propName="Color" stateType="state_mouseOver" isChecked="True" value="4291611852" varType="20"/>
              </states>
              <icon>
                <ID/>
                <iconFontName>jdFontAwesome</iconFontName>
                <iconCode>61569</iconCode>
              </icon>
              <URL>520A776503D70E7FC53BE8D209CC96C1.svg</URL>
            </control>
            <control controlID="4F1C1638-8671-40E3-8652-ADEF6F9648E4" controlTypeID="Icon" x="1356" y="28" w="24" h="24" zOrder="5">
              <states>
                <state propName="Color" stateType="state_mouseOver" isChecked="True" value="4291611852" varType="20"/>
              </states>
              <icon>
                <ID/>
                <iconFontName>jdFontAwesome</iconFontName>
                <iconCode>61652</iconCode>
              </icon>
              <URL>282331BE75C40FB6D299F787B7BFD38F.svg</URL>
            </control>
            <control controlID="DFAD5275-1D04-48A4-A8E5-8A259E070C07" controlTypeID="Icon" x="1234" y="28" w="24" h="24" zOrder="6">
              <states>
                <state propName="Color" stateType="state_mouseOver" isChecked="True" value="4291611852" varType="20"/>
              </states>
              <icon>
                <ID/>
                <iconFontName>jdFontAwesome</iconFontName>
                <iconCode>61580</iconCode>
              </icon>
              <URL>24B6825248D2E3B41E6A51EC7FE24971.svg</URL>
            </control>
            <control controlID="6917E493-540C-4BB0-AB03-7F9C5FCF6C8C" controlTypeID="Icon" x="1191" y="27" w="26" h="26" zOrder="7">
              <states>
                <state propName="Color" stateType="state_mouseOver" isChecked="True" value="4291611852" varType="20"/>
              </states>
              <icon>
                <ID/>
                <iconFontName>jdIonicons</iconFontName>
                <iconCode>62029</iconCode>
              </icon>
              <URL>4529DADA0AD1F8BF89E5709239A0C3BD.svg</URL>
            </control>
            <control controlID="511EEB86-745D-4242-BBDC-B66FBB107C52" controlTypeID="Repeater" x="152" y="25" w="560" h="30" zOrder="8">
              <color>16777215</color>
              <groupChildrenDescriptors>
                <control controlID="3F7D675D-1C07-48A9-8FAB-214A489E3D83" controlTypeID="RepeaterItem" x="0" y="0" w="96" h="30" zOrder="0" repeatID="730D9BBB-50E8-49B5-8E15-409F55CE4D53">
                  <canMove>False</canMove>
                  <groupChildrenDescriptors>
                    <control controlID="C984B522-5032-4D6E-98CA-DF3CAF1FDD66" controlTypeID="Image" x="0" y="0" w="96" h="30" zOrder="0" repeatID="DBF5757C-5E7C-413D-A29F-B31266CE5774">
                      <caption>logo</caption>
                    </control>
                  </groupChildrenDescriptors>
                </control>
                <control controlID="E4F056C8-A0C6-4ED2-AD58-0B74B93CA6AA" controlTypeID="RepeaterItem" x="116" y="0" w="96" h="30" zOrder="1" repeatID="730D9BBB-50E8-49B5-8E15-409F55CE4D53">
                  <canMove>False</canMove>
                  <groupChildrenDescriptors>
                    <control controlID="F23584D8-FF0E-42AB-B160-42336985EBF2" controlTypeID="Image" x="0" y="0" w="96" h="30" zOrder="0" repeatID="DBF5757C-5E7C-413D-A29F-B31266CE5774">
                      <caption>logo</caption>
                    </control>
                  </groupChildrenDescriptors>
                  <col>1</col>
                </control>
                <control controlID="58422E46-161D-44E1-B262-15CA661E0767" controlTypeID="RepeaterItem" x="232" y="0" w="96" h="30" zOrder="2" repeatID="730D9BBB-50E8-49B5-8E15-409F55CE4D53">
                  <canMove>False</canMove>
                  <groupChildrenDescriptors>
                    <control controlID="702FDA14-FD45-4250-9C2B-C7B299589E35" controlTypeID="Image" x="0" y="0" w="96" h="30" zOrder="0" repeatID="DBF5757C-5E7C-413D-A29F-B31266CE5774">
                      <caption>logo</caption>
                    </control>
                  </groupChildrenDescriptors>
                  <col>2</col>
                </control>
                <control controlID="40A4F671-CF1D-4594-AF6F-263BA1A94F67" controlTypeID="RepeaterItem" x="348" y="0" w="96" h="30" zOrder="3" repeatID="730D9BBB-50E8-49B5-8E15-409F55CE4D53">
                  <canMove>False</canMove>
                  <groupChildrenDescriptors>
                    <control controlID="A24E8FB0-D191-4E9A-9DB4-2240403DDCAD" controlTypeID="Image" x="0" y="0" w="96" h="30" zOrder="0" repeatID="DBF5757C-5E7C-413D-A29F-B31266CE5774">
                      <caption>logo</caption>
                    </control>
                  </groupChildrenDescriptors>
                  <col>3</col>
                </control>
                <control controlID="BCC3CB34-0FC8-4846-A211-58D7D9B8706E" controlTypeID="RepeaterItem" x="464" y="0" w="96" h="30" zOrder="4" repeatID="730D9BBB-50E8-49B5-8E15-409F55CE4D53">
                  <canMove>False</canMove>
                  <groupChildrenDescriptors>
                    <control controlID="E4BD001A-EFC9-42A1-BD38-45953B876C86" controlTypeID="Image" x="0" y="0" w="96" h="30" zOrder="0" repeatID="DBF5757C-5E7C-413D-A29F-B31266CE5774">
                      <caption>logo</caption>
                    </control>
                  </groupChildrenDescriptors>
                  <col>4</col>
                </control>
              </groupChildrenDescriptors>
              <dashMode>SdSolid</dashMode>
              <separatorColor>4291875024</separatorColor>
              <separatorDashMode>SdSolid</separatorDashMode>
              <itemWidth>96</itemWidth>
              <itemHeight>30</itemHeight>
            </control>
          </groupChildrenDescriptors>
        </control>
      </groupChildrenDescriptors>
    </control>
    <control controlID="AE4C7CC0-2811-4B10-99AA-AECD9DD630AC" controlTypeID="__group__" x="1142" y="42" w="121" h="19" zOrder="8">
      <groupChildrenDescriptors>
        <control controlID="B0EE4781-CB1E-433D-AA76-B8B999E964D6" controlTypeID="Label" x="29" y="0" w="28" h="19" zOrder="0">
          <states>
            <state propName="TextColor" stateType="state_mouseOver" isChecked="True" value="4281545523" varType="20"/>
          </states>
          <links eventType="AtClick" animate="AmNone" animateAutoDelay="0" animateDuration="500">
            <link targetPageID="938A19D8-499C-4155-B67C-252C18DCDA83" linkType="ltPageLink" isApplyIncludePage="False" title="%E7%99%BB%E5%BD%95">
              <area shape="0" alt="" ID="{5F950B6B-5F72-42EA-9DF9-E7A2DF4FCEAF}" coords="(0,0,28,19)"/>
            </link>
          </links>
          <font family="%E5%BE%AE%E8%BD%AF%E9%9B%85%E9%BB%91" displayName="%E5%BE%AE%E8%BD%AF%E9%9B%85%E9%BB%91" postScript="" weightStyle="Regular" weight="400" isBold="False" isItalic="False"/>
          <text>%E7%99%BB%E9%99%86</text>
          <textColor>4288256409</textColor>
          <lineSpacing>0</lineSpacing>
          <selectedIndex>-1</selectedIndex>
        </control>
        <control controlID="F94D8CBE-A2A2-4B1F-A478-8B805071E291" controlTypeID="Label" x="93" y="0" w="28" h="19" zOrder="1">
          <states>
            <state propName="TextColor" stateType="state_mouseOver" isChecked="True" value="4281545523" varType="20"/>
          </states>
          <links eventType="AtClick" animate="AmNone" animateAutoDelay="0" animateDuration="500">
            <link targetPageID="0ADD581E-8845-4EE0-A80C-9746C5FCDFA2" linkType="ltPageLink" isApplyIncludePage="False" title="%E6%B3%A8%E5%86%8C">
              <area shape="0" alt="" ID="{2A29132B-BF04-4570-B88F-D7CB209C33DC}" coords="(0,0,28,19)"/>
            </link>
          </links>
          <font family="%E5%BE%AE%E8%BD%AF%E9%9B%85%E9%BB%91" displayName="%E5%BE%AE%E8%BD%AF%E9%9B%85%E9%BB%91" postScript="" weightStyle="Regular" weight="400" isBold="False" isItalic="False"/>
          <text>%E6%B3%A8%E5%86%8C</text>
          <textColor>4288256409</textColor>
          <lineSpacing>0</lineSpacing>
          <selectedIndex>-1</selectedIndex>
        </control>
        <control controlID="9DE08D3C-06F0-4554-8474-9F1EC333E73B" controlTypeID="Icon" x="0" y="1" w="18" h="18" zOrder="2">
          <icon>
            <ID/>
            <iconFontName>jdIonicons</iconFontName>
            <iconCode>62368</iconCode>
          </icon>
          <URL>B91434690C5B5224D1CC6B1998F1178A.svg</URL>
        </control>
        <control controlID="AB40E501-EF73-40BE-B711-9AF71BAF0F52" controlTypeID="VRule" x="74" y="5" w="12" h="10" zOrder="3">
          <color>4290493371</color>
        </control>
      </groupChildrenDescriptors>
    </control>
    <control controlID="C1DD76C5-63D9-42B4-B6EB-BC07AD26AA36" controlTypeID="ImageCarousel" x="769" y="489" w="448" h="222" zOrder="9">
      <groupChildrenDescriptors>
        <control controlID="79B363F1-D712-4060-9ADF-808CDB3FE429" controlTypeID="ImageBackground" x="0" y="0" w="448" h="222" zOrder="0">
          <caption>pm07_3a</caption>
          <groupChildrenDescriptors/>
          <URL>E0270DAD9A37AC8FC6023514511C105C.png</URL>
        </control>
        <control controlID="2BE89897-D32F-4289-8FDE-F4BD14047B43" controlTypeID="ImageBackground" x="0" y="0" w="448" h="222" zOrder="1">
          <caption>pm08_1a</caption>
          <groupChildrenDescriptors/>
          <URL>9FA054C6FFD1148CC65F9F5C3992E481.png</URL>
        </control>
        <control controlID="069A9DCF-7750-4C09-B431-576EE3FC568A" controlTypeID="ImageBackground" x="0" y="0" w="448" h="222" zOrder="2">
          <caption>pm09</caption>
          <groupChildrenDescriptors/>
          <URL>194BDCC7A9BFC2E1855FA35DF9170759.png</URL>
        </control>
        <control controlID="E248947A-7FFE-45A2-914C-D8EB0744114B" controlTypeID="ImageBackground" x="0" y="0" w="448" h="222" zOrder="3">
          <caption>pm10</caption>
          <groupChildrenDescriptors/>
          <URL>4746A5DC3648D0F077AC621B13CD3EC4.png</URL>
        </control>
      </groupChildrenDescriptors>
      <selectedIndex>3</selectedIndex>
    </control>
    <control controlID="6AA50476-6B80-4B95-830D-922CA43FE5FA" controlTypeID="ImageCarousel" x="194" y="489" w="448" h="222" zOrder="10">
      <groupChildrenDescriptors>
        <control controlID="76C4C7AD-170E-4DE5-8D89-3F7605FAFC0D" controlTypeID="ImageBackground" x="0" y="0" w="448" h="222" zOrder="0">
          <caption>pm07_3a</caption>
          <groupChildrenDescriptors/>
          <URL>E0270DAD9A37AC8FC6023514511C105C.png</URL>
        </control>
        <control controlID="4C2ECC6F-9CA8-41F4-8885-39676290EF52" controlTypeID="ImageBackground" x="0" y="0" w="448" h="222" zOrder="1">
          <caption>pm08_1a</caption>
          <groupChildrenDescriptors/>
          <URL>9FA054C6FFD1148CC65F9F5C3992E481.png</URL>
        </control>
        <control controlID="5E166DA9-EC9A-45C9-BAF6-17C26B8D9E3B" controlTypeID="ImageBackground" x="0" y="0" w="448" h="222" zOrder="2">
          <caption>pm09</caption>
          <groupChildrenDescriptors/>
          <URL>194BDCC7A9BFC2E1855FA35DF9170759.png</URL>
        </control>
        <control controlID="6AE06CCE-97D2-4FB8-8F32-8A0F24A96DD7" controlTypeID="ImageBackground" x="0" y="0" w="448" h="222" zOrder="3">
          <caption>pm10</caption>
          <groupChildrenDescriptors/>
          <URL>4746A5DC3648D0F077AC621B13CD3EC4.png</URL>
        </control>
      </groupChildrenDescriptors>
      <selectedIndex>3</selectedIndex>
    </control>
  </controls>
  <param>
    <backgroundColor>4294967295</backgroundColor>
    <fontSize>14</fontSize>
    <fontFamily>%E5%BE%AE%E8%BD%AF%E9%9B%85%E9%BB%91</fontFamily>
    <guideLines>
      <guideLine isLocked="False" isHori="True" value="20"/>
      <guideLine isLocked="False" isHori="True" value="1380"/>
      <guideLine isLocked="False" isHori="False" value="38"/>
      <guideLine isLocked="False" isHori="True" value="886"/>
      <guideLine isLocked="False" isHori="False" value="76"/>
      <guideLine isLocked="False" isHori="False" value="127"/>
    </guideLines>
  </param>
</mockup>