﻿<mockup version="5.3" minAllowVersion="5.3" ID="D639310A-16BF-4432-AA5C-140F25963633" platform="MtWeb" defaultW="1400" defaultH="800" measureW="1400" measureH="800" mobileScreenScale="0">
  <controls controlCount="54">
    <control controlID="16EDBB9F-8B91-4B60-87D8-B70E9677D6E9" controlTypeID="Shape" x="0" y="1867" w="1400" h="633" zOrder="0">
      <locked>True</locked>
      <color>4294177779</color>
      <borderColor>4281808953</borderColor>
      <borderVisible>False</borderVisible>
      <font family="%E5%BE%AE%E8%BD%AF%E9%9B%85%E9%BB%91" displayName="%E5%BE%AE%E8%BD%AF%E9%9B%85%E9%BB%91" postScript="" weightStyle="Regular" weight="400" isBold="False" isItalic="False"/>
      <textSize>14</textSize>
      <selectedIndex>-1</selectedIndex>
    </control>
    <control controlID="EB177091-2EBD-4841-A999-F98782B4007B" controlTypeID="Label" x="495" y="138" w="440" h="53" zOrder="1">
      <font family="%E5%BE%AE%E8%BD%AF%E9%9B%85%E9%BB%91" displayName="%E5%BE%AE%E8%BD%AF%E9%9B%85%E9%BB%91" postScript="" weightStyle="Regular" weight="400" isBold="False" isItalic="False"/>
      <text>%E5%8F%91%E5%B8%83%E4%BD%A0%E6%8D%A1%E5%88%B0%E7%9A%84%E5%A4%B1%E7%89%A9%E7%9A%84%E4%BF%A1%E6%81%AF</text>
      <textColor>4281545523</textColor>
      <textSize>40</textSize>
      <lineSpacing>0</lineSpacing>
      <useDefaultTextSize>False</useDefaultTextSize>
      <selectedIndex>-1</selectedIndex>
    </control>
    <control controlID="33536B46-9955-476A-B5FA-5549900534A9" controlTypeID="Label" x="646" y="1934" w="103" h="53" zOrder="2">
      <font family="%E5%BE%AE%E8%BD%AF%E9%9B%85%E9%BB%91" displayName="%E5%BE%AE%E8%BD%AF%E9%9B%85%E9%BB%91" postScript="" weightStyle="Regular" weight="400" isBold="False" isItalic="False"/>
      <text>FAQS</text>
      <textColor>4281545523</textColor>
      <textSize>40</textSize>
      <lineSpacing>0</lineSpacing>
      <useDefaultTextSize>False</useDefaultTextSize>
      <selectedIndex>-1</selectedIndex>
    </control>
    <control controlID="867B921F-A280-4DDF-96D4-814321E8B273" controlTypeID="Label" x="330" y="1617" w="735" h="40" zOrder="3">
      <font family="%E5%BE%AE%E8%BD%AF%E9%9B%85%E9%BB%91" displayName="%E5%BE%AE%E8%BD%AF%E9%9B%85%E9%BB%91" postScript="" weightStyle="Regular" weight="400" isBold="False" isItalic="False"/>
      <text>Mockplus+knowledge+base%2C+More+tutorials+available</text>
      <textColor>4284900966</textColor>
      <textSize>30</textSize>
      <lineSpacing>0</lineSpacing>
      <useDefaultTextSize>False</useDefaultTextSize>
      <selectedIndex>-1</selectedIndex>
    </control>
    <control controlID="F620AEE4-9CCB-4B46-8DCE-22E1CD23C161" controlTypeID="Button" x="602" y="672" w="180" h="40" zOrder="4">
      <states>
        <state propName="Color" stateType="state_mouseOver" isChecked="True" value="3854383616" varType="20"/>
      </states>
      <color>4290591232</color>
      <borderColor>4290591232</borderColor>
      <borderVisible>False</borderVisible>
      <links eventType="AtClick" animate="AmNone" animateAutoDelay="0" animateDuration="500">
        <link targetPageID="D8F1D1EA-142E-4A06-A3F7-D36E4D9A877E" linkType="ltPageLink" isApplyIncludePage="False" title="%E5%8F%91%E5%B8%83%E6%88%90%E5%8A%9F">
          <area shape="0" alt="" ID="{C384371A-0966-487B-98EB-AEC5AB4B4366}" coords="(0,0,180,40)"/>
        </link>
      </links>
      <font family="%E5%BE%AE%E8%BD%AF%E9%9B%85%E9%BB%91" displayName="%E5%BE%AE%E8%BD%AF%E9%9B%85%E9%BB%91" postScript="" weightStyle="Regular" weight="400" isBold="False" isItalic="False"/>
      <text>%E5%8F%91%E5%B8%83</text>
      <textColor>4294967295</textColor>
      <textSize>16</textSize>
      <lineSpacing>0</lineSpacing>
      <useDefaultTextSize>False</useDefaultTextSize>
      <selectedIndex>-1</selectedIndex>
      <radius>0</radius>
      <thickness>2</thickness>
    </control>
    <control controlID="3FEC93A2-A2C0-4AE2-A3A9-038A16F14EED" controlTypeID="Button" x="612" y="1716" w="180" h="40" zOrder="5">
      <states>
        <state propName="Color" stateType="state_mouseOver" isChecked="True" value="3854383616" varType="20"/>
      </states>
      <color>4290591232</color>
      <borderColor>4290591232</borderColor>
      <borderVisible>False</borderVisible>
      <font family="%E5%BE%AE%E8%BD%AF%E9%9B%85%E9%BB%91" displayName="%E5%BE%AE%E8%BD%AF%E9%9B%85%E9%BB%91" postScript="" weightStyle="Regular" weight="400" isBold="False" isItalic="False"/>
      <text>ENTER+NOW</text>
      <textColor>4294967295</textColor>
      <textSize>16</textSize>
      <lineSpacing>0</lineSpacing>
      <useDefaultTextSize>False</useDefaultTextSize>
      <selectedIndex>-1</selectedIndex>
      <radius>0</radius>
      <thickness>2</thickness>
    </control>
    <control controlID="9CB9FA81-098F-425E-ACBB-2E57DF59C63D" controlTypeID="Master" x="0" y="2420" w="1400" h="80" zOrder="6" masterID="1B259074-56BF-43DD-8952-280A1430C009">
      <groupChildrenDescriptors>
        <control controlID="DC43AC49-FE9E-42D1-91D9-81EAC14D57D0" controlTypeID="Shape" x="0" y="0" w="1400" h="80" zOrder="0">
          <color>4279374612</color>
          <font family="%E5%BE%AE%E8%BD%AF%E9%9B%85%E9%BB%91" displayName="%E5%BE%AE%E8%BD%AF%E9%9B%85%E9%BB%91" postScript="" weightStyle="Regular" weight="400" isBold="False" isItalic="False"/>
          <textSize>14</textSize>
          <selectedIndex>-1</selectedIndex>
        </control>
        <control controlID="19C3D4E0-8C77-4DEC-B9B2-C29DC801B9A8" controlTypeID="Label" x="671" y="32" w="310" h="16" zOrder="1">
          <color>16777215</color>
          <font family="%E5%BE%AE%E8%BD%AF%E9%9B%85%E9%BB%91" displayName="%E5%BE%AE%E8%BD%AF%E9%9B%85%E9%BB%91" postScript="" weightStyle="Regular" weight="400" isBold="False" isItalic="False"/>
          <text>%C2%A9+2014-2018+Jongde+Software+LLC+All+rights+reserved.</text>
          <textColor>4284900966</textColor>
          <textSize>12</textSize>
          <textAlign>HaCenter</textAlign>
          <lineSpacing>0</lineSpacing>
          <useDefaultTextSize>False</useDefaultTextSize>
          <selectedIndex>-1</selectedIndex>
        </control>
        <control controlID="9BC523D1-FF76-4218-84CB-FB6939222648" controlTypeID="Label" x="159" y="30" w="110" h="19" zOrder="2">
          <states>
            <state propName="TextColor" stateType="state_mouseOver" isChecked="True" value="4288256409" varType="20"/>
          </states>
          <color>16777215</color>
          <font family="%E5%BE%AE%E8%BD%AF%E9%9B%85%E9%BB%91" displayName="%E5%BE%AE%E8%BD%AF%E9%9B%85%E9%BB%91" postScript="" weightStyle="Regular" weight="400" isBold="False" isItalic="False"/>
          <text>Terms+of+Service+</text>
          <textColor>4291611852</textColor>
          <textAlign>HaCenter</textAlign>
          <lineSpacing>0</lineSpacing>
          <useDefaultTextSize>False</useDefaultTextSize>
          <selectedIndex>-1</selectedIndex>
        </control>
        <control controlID="93A06E5D-6E5C-4723-B4C8-527DB4E8FB6D" controlTypeID="Label" x="307" y="30" w="91" h="19" zOrder="3">
          <states>
            <state propName="TextColor" stateType="state_mouseOver" isChecked="True" value="4288256409" varType="20"/>
          </states>
          <color>16777215</color>
          <font family="%E5%BE%AE%E8%BD%AF%E9%9B%85%E9%BB%91" displayName="%E5%BE%AE%E8%BD%AF%E9%9B%85%E9%BB%91" postScript="" weightStyle="Regular" weight="400" isBold="False" isItalic="False"/>
          <text>Privacy+Policy+</text>
          <textColor>4291611852</textColor>
          <textAlign>HaCenter</textAlign>
          <lineSpacing>0</lineSpacing>
          <useDefaultTextSize>False</useDefaultTextSize>
          <selectedIndex>-1</selectedIndex>
        </control>
        <control controlID="29D809D4-3D00-44F5-9343-525EAF688E49" controlTypeID="Label" x="441" y="30" w="59" h="19" zOrder="4">
          <states>
            <state propName="TextColor" stateType="state_mouseOver" isChecked="True" value="4288256409" varType="20"/>
          </states>
          <color>16777215</color>
          <font family="%E5%BE%AE%E8%BD%AF%E9%9B%85%E9%BB%91" displayName="%E5%BE%AE%E8%BD%AF%E9%9B%85%E9%BB%91" postScript="" weightStyle="Regular" weight="400" isBold="False" isItalic="False"/>
          <text>Site+Map</text>
          <textColor>4291611852</textColor>
          <textAlign>HaCenter</textAlign>
          <lineSpacing>0</lineSpacing>
          <useDefaultTextSize>False</useDefaultTextSize>
          <selectedIndex>-1</selectedIndex>
        </control>
        <control controlID="FAAED763-852E-40BD-AD7F-1ADC68D5AFC7" controlTypeID="Icon" x="1094" y="28" w="24" h="24" zOrder="5">
          <states>
            <state propName="Color" stateType="state_mouseOver" isChecked="True" value="4291611852" varType="20"/>
          </states>
          <icon>
            <ID/>
            <iconFontName>jdFontAwesome</iconFontName>
            <iconCode>61570</iconCode>
          </icon>
          <URL>4CEBA48D845888E06C868951A5E1A875.svg</URL>
        </control>
        <control controlID="C93E48C9-0B0F-4698-AB34-F51DD3E03D25" controlTypeID="Icon" x="1135" y="28" w="24" h="24" zOrder="6">
          <states>
            <state propName="Color" stateType="state_mouseOver" isChecked="True" value="4291611852" varType="20"/>
          </states>
          <icon>
            <ID/>
            <iconFontName>jdFontAwesome</iconFontName>
            <iconCode>61569</iconCode>
          </icon>
          <URL>520A776503D70E7FC53BE8D209CC96C1.svg</URL>
        </control>
        <control controlID="469BA949-D43A-443A-8CD8-016773734AD2" controlTypeID="Icon" x="1174" y="28" w="24" h="24" zOrder="7">
          <states>
            <state propName="Color" stateType="state_mouseOver" isChecked="True" value="4291611852" varType="20"/>
          </states>
          <icon>
            <ID/>
            <iconFontName>jdFontAwesome</iconFontName>
            <iconCode>61652</iconCode>
          </icon>
          <URL>282331BE75C40FB6D299F787B7BFD38F.svg</URL>
        </control>
        <control controlID="F79384ED-36BA-46D3-A62E-BF5C69F19EC4" controlTypeID="Icon" x="1052" y="28" w="24" h="24" zOrder="8">
          <states>
            <state propName="Color" stateType="state_mouseOver" isChecked="True" value="4291611852" varType="20"/>
          </states>
          <icon>
            <ID/>
            <iconFontName>jdFontAwesome</iconFontName>
            <iconCode>61580</iconCode>
          </icon>
          <URL>24B6825248D2E3B41E6A51EC7FE24971.svg</URL>
        </control>
        <control controlID="EFF5E52D-4AA8-4017-A7ED-A96DC0E4A28D" controlTypeID="Icon" x="1009" y="27" w="26" h="26" zOrder="9">
          <states>
            <state propName="Color" stateType="state_mouseOver" isChecked="True" value="4291611852" varType="20"/>
          </states>
          <icon>
            <ID/>
            <iconFontName>jdIonicons</iconFontName>
            <iconCode>62029</iconCode>
          </icon>
          <URL>4529DADA0AD1F8BF89E5709239A0C3BD.svg</URL>
        </control>
        <control controlID="CACF3F66-41ED-4F7F-82B8-2EDCD26CDBED" controlTypeID="Image" x="19" y="25" w="96" h="30" zOrder="10">
          <caption>logo</caption>
        </control>
        <control controlID="6619B2BD-E2EC-4304-BAF7-C982D3B511B8" controlTypeID="Button" x="1228" y="0" w="172" h="80" zOrder="11">
          <states>
            <state propName="Color" stateType="state_mouseOver" isChecked="True" value="3854383616" varType="20"/>
          </states>
          <color>4290591232</color>
          <borderColor>4290591232</borderColor>
          <borderVisible>False</borderVisible>
          <font family="%E5%BE%AE%E8%BD%AF%E9%9B%85%E9%BB%91" displayName="%E5%BE%AE%E8%BD%AF%E9%9B%85%E9%BB%91" postScript="" weightStyle="Regular" weight="400" isBold="False" isItalic="False"/>
          <text>FREE+TRIAL</text>
          <textColor>4294967295</textColor>
          <textSize>16</textSize>
          <lineSpacing>0</lineSpacing>
          <useDefaultTextSize>False</useDefaultTextSize>
          <selectedIndex>-1</selectedIndex>
          <radius>0</radius>
          <thickness>2</thickness>
        </control>
      </groupChildrenDescriptors>
    </control>
    <control controlID="8C7056BA-9880-4995-AE40-62B8F0D8522A" controlTypeID="ScopeBar" x="495" y="2023" w="410" h="48" zOrder="7">
      <color>4291611852</color>
      <borderVisible>False</borderVisible>
      <font family="%E5%BE%AE%E8%BD%AF%E9%9B%85%E9%BB%91" displayName="%E5%BE%AE%E8%BD%AF%E9%9B%85%E9%BB%91" postScript="" weightStyle="Regular" weight="400" isBold="False" isItalic="False"/>
      <text>Account+%26+Purchase%2CInstallation+%26+Update</text>
      <textSize>14</textSize>
      <lineSpacing>0</lineSpacing>
      <selectedColor>4290591232</selectedColor>
      <radius>0</radius>
      <selectedTextColor>4294967295</selectedTextColor>
    </control>
    <control controlID="739415E0-0B25-47EC-AF19-21EC63B9F572" controlTypeID="HRule" x="0" y="864" w="1400" h="12" zOrder="8">
      <color>4292730333</color>
      <thickness>1</thickness>
    </control>
    <control controlID="979D7D29-2253-4687-B011-6ABB063310A5" controlTypeID="Label" x="124" y="1349" w="198" h="19" zOrder="9">
      <font family="%E5%BE%AE%E8%BD%AF%E9%9B%85%E9%BB%91" displayName="%E5%BE%AE%E8%BD%AF%E9%9B%85%E9%BB%91" postScript="" weightStyle="Regular" weight="400" isBold="False" isItalic="False"/>
      <text>1.Basic+Overview+of+Mockplus</text>
      <textColor>4284900966</textColor>
      <lineSpacing>0</lineSpacing>
      <useDefaultTextSize>False</useDefaultTextSize>
      <selectedIndex>-1</selectedIndex>
    </control>
    <control controlID="A4E34604-74AA-40C4-A20C-C773CEB99C69" controlTypeID="Label" x="514" y="1349" w="210" h="19" zOrder="10">
      <font family="%E5%BE%AE%E8%BD%AF%E9%9B%85%E9%BB%91" displayName="%E5%BE%AE%E8%BD%AF%E9%9B%85%E9%BB%91" postScript="" weightStyle="Regular" weight="400" isBold="False" isItalic="False"/>
      <text>2.Make+Interaction+in+Mockplus</text>
      <textColor>4284900966</textColor>
      <lineSpacing>0</lineSpacing>
      <useDefaultTextSize>False</useDefaultTextSize>
      <selectedIndex>-1</selectedIndex>
    </control>
    <control controlID="AAA3D02E-DB0A-4834-9010-4612D4C350C7" controlTypeID="Label" x="904" y="1349" w="290" h="19" zOrder="11">
      <font family="%E5%BE%AE%E8%BD%AF%E9%9B%85%E9%BB%91" displayName="%E5%BE%AE%E8%BD%AF%E9%9B%85%E9%BB%91" postScript="" weightStyle="Regular" weight="400" isBold="False" isItalic="False"/>
      <text>3.Preview+%26+Share+Prototypes+via+Mockplus</text>
      <textColor>4284900966</textColor>
      <lineSpacing>0</lineSpacing>
      <useDefaultTextSize>False</useDefaultTextSize>
      <selectedIndex>-1</selectedIndex>
    </control>
    <control controlID="5242B83E-E32A-413D-8E84-BA94E867ABF2" controlTypeID="Icon" x="652" y="1486" w="100" h="100" zOrder="12">
      <color>4290493371</color>
      <icon>
        <ID/>
        <iconFontName>jdFontCustom</iconFontName>
        <iconCode>61795</iconCode>
      </icon>
      <URL>452A1108CEAE2C044CFCAF610C27E444.svg</URL>
    </control>
    <control controlID="ED65127B-BF9D-4A26-8281-F64845FAAFA7" controlTypeID="Master" x="125" y="2108" w="1135" h="245" zOrder="13" masterID="9CE81536-19B9-4DD0-BD4B-CE350C6EE477">
      <groupChildrenDescriptors>
        <control controlID="8C787CA2-218B-4206-A7A8-07D9F4FCB5DB" controlTypeID="Accordion" x="0" y="0" w="1135" h="245" zOrder="0">
          <borderVisible>False</borderVisible>
          <font family="%E5%BE%AE%E8%BD%AF%E9%9B%85%E9%BB%91" displayName="%E5%BE%AE%E8%BD%AF%E9%9B%85%E9%BB%91" postScript="" weightStyle="Regular" weight="400" isBold="False" isItalic="False"/>
          <text>1.How+to+sign+up+in+Mockplus%3F%0D%0A-+There+are+two+ways+to+sign+up+in+Mockplus%3A%0D%0A-++Install+Mockplus+desktop+app+and+open+it+for+signing+up.%0D%0A-++Click+the+link%3A+https%3A%2F%2Fwww.mockplus.com%2Fuser%2Fregister+in+your+browser+to+sign+up.%0D%0A2.Do+I+need+to+pay+the+extra+fee+whenever+Mockplus+comes+out+with+a+new+updated+version%3F+%0D%0A-+After+the+purchase%2C+you+do+not+need+to+pay+an+extra+fee+for+any+new+version+or+update+of+Mockplus.%0D%0A-+If+you're+a+user+of+Free+version%2C+you+also+don't+need+to+pay+any+fee+for+the+new+versions+or+updates.%0D%0A3.Can+I+install+and+use+Mockplus+on+multiple+computers%3F%0D%0A-+Every+named+user%2C+with+both+a+desktop+and+a+secondary+laptop%2Fhome+computer%2C+can+legally+install+and+use+Mockplus+on+both+computers.</text>
          <textSize>14</textSize>
          <lineSpacing>0</lineSpacing>
          <selectedColor>4291611852</selectedColor>
          <showSeparator>False</showSeparator>
        </control>
      </groupChildrenDescriptors>
    </control>
    <control controlID="FAD28F32-0E0F-4C9C-BC06-C5EB04D47E00" controlTypeID="DateTimePicker" x="633" y="446" w="342" h="40" zOrder="14">
      <font family="%E5%BE%AE%E8%BD%AF%E9%9B%85%E9%BB%91" displayName="%E5%BE%AE%E8%BD%AF%E9%9B%85%E9%BB%91" postScript="" weightStyle="Regular" weight="400" isBold="False" isItalic="False"/>
      <text>03+%2F+10+%2F+2014</text>
      <textSize>14</textSize>
      <lineSpacing>0</lineSpacing>
      <selectedIndex>-1</selectedIndex>
    </control>
    <control controlID="34C34D01-AAA4-4854-8988-74F855EE30A9" controlTypeID="CompositeComboBox" x="633" y="330" w="342" h="40" zOrder="15">
      <groupChildrenDescriptors>
        <control controlID="1A07DA37-320A-4BB3-A340-55467F06B46B" controlTypeID="TextInput" x="0" y="0" w="319" h="40" zOrder="0">
          <canMove>False</canMove>
          <alias>input</alias>
          <font family="%E5%BE%AE%E8%BD%AF%E9%9B%85%E9%BB%91" displayName="%E5%BE%AE%E8%BD%AF%E9%9B%85%E9%BB%91" postScript="" weightStyle="Regular" weight="400" isBold="False" isItalic="False"/>
          <text>%E6%9D%A1%E7%9B%AE%E4%B8%80</text>
          <lineSpacing>0</lineSpacing>
          <selectedIndex>-1</selectedIndex>
        </control>
        <control controlID="91BBBCEB-862F-4AA2-B060-BA70F1FC69A8" controlTypeID="Button" x="318" y="0" w="24" h="40" zOrder="1">
          <canMove>False</canMove>
          <alias>button</alias>
          <font family="%E5%BE%AE%E8%BD%AF%E9%9B%85%E9%BB%91" displayName="%E5%BE%AE%E8%BD%AF%E9%9B%85%E9%BB%91" postScript="" weightStyle="Regular" weight="400" isBold="False" isItalic="False"/>
          <lineSpacing>0</lineSpacing>
          <selectedIndex>-1</selectedIndex>
          <radius>0</radius>
        </control>
        <control controlID="06C24716-158B-48BF-919B-59B2D90C0698" controlTypeID="List" x="0" y="40" w="342" h="252" zOrder="2">
          <isShow>False</isShow>
          <canMove>False</canMove>
          <alias>dropDown</alias>
          <font family="%E5%BE%AE%E8%BD%AF%E9%9B%85%E9%BB%91" displayName="%E5%BE%AE%E8%BD%AF%E9%9B%85%E9%BB%91" postScript="" weightStyle="Regular" weight="400" isBold="False" isItalic="False"/>
          <text>%E6%9D%A1%E7%9B%AE%E4%B8%80%0D%0A%E6%9D%A1%E7%9B%AE%E4%BA%8C%0D%0A%E6%9D%A1%E7%9B%AE%E4%B8%89%0D%0A%E6%9D%A1%E7%9B%AE%E5%9B%9B</text>
          <textSize>14</textSize>
          <lineSpacing>0</lineSpacing>
          <itemHeight>40</itemHeight>
          <interlaceColor>4294967295</interlaceColor>
        </control>
      </groupChildrenDescriptors>
      <baseHeight>40</baseHeight>
      <font family="%E5%BE%AE%E8%BD%AF%E9%9B%85%E9%BB%91"/>
      <textSize>14</textSize>
    </control>
    <control controlID="81E1F033-8701-4341-885E-D676A323C2F3" controlTypeID="CompositeComboBox" x="633" y="389" w="342" h="40" zOrder="16">
      <groupChildrenDescriptors>
        <control controlID="25C6409A-20A0-4295-9128-01B7E3B6178F" controlTypeID="TextInput" x="0" y="0" w="319" h="40" zOrder="0">
          <canMove>False</canMove>
          <alias>input</alias>
          <font family="%E5%BE%AE%E8%BD%AF%E9%9B%85%E9%BB%91" displayName="%E5%BE%AE%E8%BD%AF%E9%9B%85%E9%BB%91" postScript="" weightStyle="Regular" weight="400" isBold="False" isItalic="False"/>
          <text>%E6%9D%A1%E7%9B%AE%E4%B8%80</text>
          <lineSpacing>0</lineSpacing>
          <selectedIndex>-1</selectedIndex>
        </control>
        <control controlID="CB95544E-5F79-423A-8117-2C378A3FEC2C" controlTypeID="Button" x="318" y="0" w="24" h="40" zOrder="1">
          <canMove>False</canMove>
          <alias>button</alias>
          <font family="%E5%BE%AE%E8%BD%AF%E9%9B%85%E9%BB%91" displayName="%E5%BE%AE%E8%BD%AF%E9%9B%85%E9%BB%91" postScript="" weightStyle="Regular" weight="400" isBold="False" isItalic="False"/>
          <lineSpacing>0</lineSpacing>
          <selectedIndex>-1</selectedIndex>
          <radius>0</radius>
        </control>
        <control controlID="5E0A565A-CC97-4C36-AC51-1AA82E4913A2" controlTypeID="List" x="0" y="40" w="342" h="252" zOrder="2">
          <isShow>False</isShow>
          <canMove>False</canMove>
          <alias>dropDown</alias>
          <font family="%E5%BE%AE%E8%BD%AF%E9%9B%85%E9%BB%91" displayName="%E5%BE%AE%E8%BD%AF%E9%9B%85%E9%BB%91" postScript="" weightStyle="Regular" weight="400" isBold="False" isItalic="False"/>
          <text>%E6%9D%A1%E7%9B%AE%E4%B8%80%0D%0A%E6%9D%A1%E7%9B%AE%E4%BA%8C%0D%0A%E6%9D%A1%E7%9B%AE%E4%B8%89%0D%0A%E6%9D%A1%E7%9B%AE%E5%9B%9B</text>
          <textSize>14</textSize>
          <lineSpacing>0</lineSpacing>
          <itemHeight>40</itemHeight>
          <interlaceColor>4294967295</interlaceColor>
        </control>
      </groupChildrenDescriptors>
      <baseHeight>40</baseHeight>
      <font family="%E5%BE%AE%E8%BD%AF%E9%9B%85%E9%BB%91"/>
      <textSize>14</textSize>
    </control>
    <control controlID="5F4578ED-83A8-4D30-8E3E-9B96A81F2A30" controlTypeID="TextInput" x="633" y="514" w="342" h="60" zOrder="17">
      <font family="%E5%BE%AE%E8%BD%AF%E9%9B%85%E9%BB%91" displayName="%E5%BE%AE%E8%BD%AF%E9%9B%85%E9%BB%91" postScript="" weightStyle="Regular" weight="400" isBold="False" isItalic="False"/>
      <lineSpacing>0</lineSpacing>
      <selectedIndex>-1</selectedIndex>
    </control>
    <control controlID="D3334492-010E-4832-B264-5BDC823C273C" controlTypeID="TextInput" x="633" y="273" w="342" h="40" zOrder="18">
      <font family="%E5%BE%AE%E8%BD%AF%E9%9B%85%E9%BB%91" displayName="%E5%BE%AE%E8%BD%AF%E9%9B%85%E9%BB%91" postScript="" weightStyle="Regular" weight="400" isBold="False" isItalic="False"/>
      <lineSpacing>0</lineSpacing>
      <selectedIndex>-1</selectedIndex>
    </control>
    <control controlID="0BAE793E-55E3-401A-BAF0-6E57FC378FB5" controlTypeID="Label" x="408" y="273" w="96" h="32" zOrder="19">
      <font family="%E5%BE%AE%E8%BD%AF%E9%9B%85%E9%BB%91" displayName="%E5%BE%AE%E8%BD%AF%E9%9B%85%E9%BB%91" postScript="" weightStyle="Regular" weight="400" isBold="False" isItalic="False"/>
      <text>%E7%89%A9%E5%93%81%E5%90%8D%E7%A7%B0</text>
      <textSize>24</textSize>
      <lineSpacing>0</lineSpacing>
      <useDefaultTextSize>False</useDefaultTextSize>
      <selectedIndex>-1</selectedIndex>
    </control>
    <control controlID="32396BDA-1097-41D5-BCE1-20F685B16355" controlTypeID="Label" x="408" y="330" w="46" h="32" zOrder="20">
      <font family="%E5%BE%AE%E8%BD%AF%E9%9B%85%E9%BB%91" displayName="%E5%BE%AE%E8%BD%AF%E9%9B%85%E9%BB%91" postScript="" weightStyle="Regular" weight="400" isBold="False" isItalic="False"/>
      <text>%E7%B1%BB%E5%88%AB</text>
      <textSize>24</textSize>
      <lineSpacing>0</lineSpacing>
      <useDefaultTextSize>False</useDefaultTextSize>
      <selectedIndex>-1</selectedIndex>
    </control>
    <control controlID="CF622E54-97C0-4926-BCE3-E5D41D7E99BA" controlTypeID="Label" x="408" y="393" w="47" h="32" zOrder="21">
      <font family="%E5%BE%AE%E8%BD%AF%E9%9B%85%E9%BB%91" displayName="%E5%BE%AE%E8%BD%AF%E9%9B%85%E9%BB%91" postScript="" weightStyle="Regular" weight="400" isBold="False" isItalic="False"/>
      <text>%E5%9C%B0%E7%82%B9</text>
      <textSize>24</textSize>
      <lineSpacing>0</lineSpacing>
      <useDefaultTextSize>False</useDefaultTextSize>
      <selectedIndex>-1</selectedIndex>
    </control>
    <control controlID="0DAFF4EF-B12D-499C-8B8E-A8C84DB6E041" controlTypeID="Label" x="408" y="454" w="47" h="32" zOrder="22">
      <font family="%E5%BE%AE%E8%BD%AF%E9%9B%85%E9%BB%91" displayName="%E5%BE%AE%E8%BD%AF%E9%9B%85%E9%BB%91" postScript="" weightStyle="Regular" weight="400" isBold="False" isItalic="False"/>
      <text>%E6%97%B6%E9%97%B4</text>
      <textSize>24</textSize>
      <lineSpacing>0</lineSpacing>
      <useDefaultTextSize>False</useDefaultTextSize>
      <selectedIndex>-1</selectedIndex>
    </control>
    <control controlID="943F27C0-0EFF-4EEB-9895-F57B3E787B8D" controlTypeID="Label" x="408" y="514" w="96" h="32" zOrder="23">
      <font family="%E5%BE%AE%E8%BD%AF%E9%9B%85%E9%BB%91" displayName="%E5%BE%AE%E8%BD%AF%E9%9B%85%E9%BB%91" postScript="" weightStyle="Regular" weight="400" isBold="False" isItalic="False"/>
      <text>%E8%AF%A6%E7%BB%86%E6%8F%8F%E8%BF%B0</text>
      <textSize>24</textSize>
      <lineSpacing>0</lineSpacing>
      <useDefaultTextSize>False</useDefaultTextSize>
      <selectedIndex>-1</selectedIndex>
    </control>
    <control controlID="A43DD0AB-402B-44CF-82BB-51289175EE2A" controlTypeID="__group__" x="19" y="34" w="580" h="33" zOrder="24">
      <groupChildrenDescriptors>
        <control controlID="D1DE5802-71D0-4D52-8352-237F883472EF" controlTypeID="Image" x="0" y="3" w="96" h="30" zOrder="0">
          <caption>logo</caption>
        </control>
        <control controlID="45870D58-BD93-4D12-8579-D7B0A8AB84DC" controlTypeID="Label" x="400" y="0" w="39" h="27" zOrder="1">
          <states>
            <state propName="TextColor" stateType="state_mouseOver" isChecked="True" value="4291611852" varType="20"/>
          </states>
          <links eventType="AtClick" animate="AmNone" animateAutoDelay="0" animateDuration="500">
            <link targetPageID="66E9059F-8141-410B-AB04-14EE23772128" linkType="ltPageLink" isApplyIncludePage="False" title="Download">
              <area shape="0" alt="" ID="{D8D7F3B9-674D-4530-A14E-8F266CC73C5A}" coords="(0,0,39,27)"/>
            </link>
          </links>
          <font family="%E5%BE%AE%E8%BD%AF%E9%9B%85%E9%BB%91" displayName="%E5%BE%AE%E8%BD%AF%E9%9B%85%E9%BB%91" postScript="" weightStyle="Regular" weight="400" isBold="False" isItalic="False"/>
          <text>%E5%AF%BB%E7%89%A9</text>
          <textColor>4288256409</textColor>
          <textSize>20</textSize>
          <lineSpacing>0</lineSpacing>
          <useDefaultTextSize>False</useDefaultTextSize>
          <selectedIndex>-1</selectedIndex>
        </control>
        <control controlID="7FF8804D-EE3D-4732-917F-33394E9185FD" controlTypeID="Label" x="197" y="0" w="39" h="27" zOrder="2">
          <links eventType="AtClick" animate="AmNone" animateAutoDelay="0" animateDuration="500">
            <link targetPageID="9E7EE126-BC99-4CF2-8433-3307DCE602C5" linkType="ltPageLink" isApplyIncludePage="False" title="Home">
              <area shape="0" alt="" ID="{7FD98469-59E0-4EC0-AFFC-26F59695F5B2}" coords="(0,0,39,27)"/>
            </link>
          </links>
          <font family="%E5%BE%AE%E8%BD%AF%E9%9B%85%E9%BB%91" displayName="%E5%BE%AE%E8%BD%AF%E9%9B%85%E9%BB%91" postScript="" weightStyle="Regular" weight="400" isBold="False" isItalic="False"/>
          <text>%E4%B8%BB%E9%A1%B5</text>
          <textColor>4288256409</textColor>
          <textSize>20</textSize>
          <lineSpacing>0</lineSpacing>
          <useDefaultTextSize>False</useDefaultTextSize>
          <selectedIndex>-1</selectedIndex>
        </control>
        <control controlID="5CE098DC-9D51-459C-8CF5-1FF8F14259B3" controlTypeID="Label" x="298" y="0" w="40" h="27" zOrder="3">
          <states>
            <state propName="TextColor" stateType="state_mouseOver" isChecked="True" value="4291611852" varType="20"/>
          </states>
          <links eventType="AtClick" animate="AmNone" animateAutoDelay="0" animateDuration="500">
            <link targetPageID="BD193AFF-70A0-41C2-A87E-D5AA02699736" linkType="ltPageLink" isApplyIncludePage="False" title="Features">
              <area shape="0" alt="" ID="{0567DBB1-16BD-4BFB-9011-D7070E019E7B}" coords="(0,0,40,27)"/>
            </link>
          </links>
          <font family="%E5%BE%AE%E8%BD%AF%E9%9B%85%E9%BB%91" displayName="%E5%BE%AE%E8%BD%AF%E9%9B%85%E9%BB%91" postScript="" weightStyle="Regular" weight="400" isBold="False" isItalic="False"/>
          <text>%E6%8B%9B%E9%A2%86</text>
          <textColor>4288256409</textColor>
          <textSize>20</textSize>
          <lineSpacing>0</lineSpacing>
          <useDefaultTextSize>False</useDefaultTextSize>
          <selectedIndex>-1</selectedIndex>
        </control>
        <control controlID="DACC8BFD-DBCD-4F85-9F12-57FE2E252322" controlTypeID="Label" x="500" y="0" w="80" h="27" zOrder="4">
          <states>
            <state propName="TextColor" stateType="state_mouseOver" isChecked="True" value="4291611852" varType="20"/>
          </states>
          <links eventType="AtClick" animate="AmNone" animateAutoDelay="0" animateDuration="500">
            <link targetPageID="21B49ED9-444B-46C0-9FD9-D141901F3427" linkType="ltPageLink" isApplyIncludePage="False" title="%E4%B8%AA%E4%BA%BA%E4%B8%AD%E5%BF%83">
              <area shape="0" alt="" ID="{76261CEC-557C-4B5D-8F56-1F1019B88A53}" coords="(0,0,80,27)"/>
            </link>
          </links>
          <font family="%E5%BE%AE%E8%BD%AF%E9%9B%85%E9%BB%91" displayName="%E5%BE%AE%E8%BD%AF%E9%9B%85%E9%BB%91" postScript="" weightStyle="Regular" weight="400" isBold="False" isItalic="False"/>
          <text>%E4%B8%AA%E4%BA%BA%E4%B8%AD%E5%BF%83</text>
          <textColor>4288256409</textColor>
          <textSize>20</textSize>
          <lineSpacing>0</lineSpacing>
          <useDefaultTextSize>False</useDefaultTextSize>
          <selectedIndex>-1</selectedIndex>
        </control>
      </groupChildrenDescriptors>
    </control>
    <control controlID="6EA6D19E-3F5F-4EFE-8DE3-C0823A37A240" controlTypeID="__group__" x="1142" y="42" w="121" h="19" zOrder="25">
      <groupChildrenDescriptors>
        <control controlID="68210B2E-8A4F-446B-BC28-B873D761C4CC" controlTypeID="Label" x="29" y="0" w="28" h="19" zOrder="0">
          <states>
            <state propName="TextColor" stateType="state_mouseOver" isChecked="True" value="4281545523" varType="20"/>
          </states>
          <links eventType="AtClick" animate="AmNone" animateAutoDelay="0" animateDuration="500">
            <link targetPageID="938A19D8-499C-4155-B67C-252C18DCDA83" linkType="ltPageLink" isApplyIncludePage="False" title="%E7%99%BB%E5%BD%95">
              <area shape="0" alt="" ID="{5F950B6B-5F72-42EA-9DF9-E7A2DF4FCEAF}" coords="(0,0,28,19)"/>
            </link>
          </links>
          <font family="%E5%BE%AE%E8%BD%AF%E9%9B%85%E9%BB%91" displayName="%E5%BE%AE%E8%BD%AF%E9%9B%85%E9%BB%91" postScript="" weightStyle="Regular" weight="400" isBold="False" isItalic="False"/>
          <text>%E7%99%BB%E9%99%86</text>
          <textColor>4288256409</textColor>
          <lineSpacing>0</lineSpacing>
          <selectedIndex>-1</selectedIndex>
        </control>
        <control controlID="B22162CD-850A-4711-97E1-4E1451043B1A" controlTypeID="Label" x="93" y="0" w="28" h="19" zOrder="1">
          <states>
            <state propName="TextColor" stateType="state_mouseOver" isChecked="True" value="4281545523" varType="20"/>
          </states>
          <links eventType="AtClick" animate="AmNone" animateAutoDelay="0" animateDuration="500">
            <link targetPageID="0ADD581E-8845-4EE0-A80C-9746C5FCDFA2" linkType="ltPageLink" isApplyIncludePage="False" title="%E6%B3%A8%E5%86%8C">
              <area shape="0" alt="" ID="{16478D9F-3390-4D8D-B311-8F1B9E523CF1}" coords="(0,0,28,19)"/>
            </link>
          </links>
          <font family="%E5%BE%AE%E8%BD%AF%E9%9B%85%E9%BB%91" displayName="%E5%BE%AE%E8%BD%AF%E9%9B%85%E9%BB%91" postScript="" weightStyle="Regular" weight="400" isBold="False" isItalic="False"/>
          <text>%E6%B3%A8%E5%86%8C</text>
          <textColor>4288256409</textColor>
          <lineSpacing>0</lineSpacing>
          <selectedIndex>-1</selectedIndex>
        </control>
        <control controlID="24C60AC2-0771-49A5-BD10-B2F76229FFCC" controlTypeID="Icon" x="0" y="1" w="18" h="18" zOrder="2">
          <icon>
            <ID/>
            <iconFontName>jdIonicons</iconFontName>
            <iconCode>62368</iconCode>
          </icon>
          <URL>B91434690C5B5224D1CC6B1998F1178A.svg</URL>
        </control>
        <control controlID="B23E78BD-EB78-4B2C-9589-6E3A78769C1C" controlTypeID="VRule" x="74" y="5" w="12" h="10" zOrder="3">
          <color>4290493371</color>
        </control>
      </groupChildrenDescriptors>
    </control>
  </controls>
  <param>
    <backgroundColor>4294967295</backgroundColor>
    <fontSize>14</fontSize>
    <fontFamily>%E5%BE%AE%E8%BD%AF%E9%9B%85%E9%BB%91</fontFamily>
    <guideLines>
      <guideLine isLocked="False" isHori="True" value="20"/>
      <guideLine isLocked="False" isHori="True" value="1380"/>
      <guideLine isLocked="False" isHori="False" value="38"/>
      <guideLine isLocked="False" isHori="False" value="1000"/>
      <guideLine isLocked="False" isHori="True" value="514"/>
      <guideLine isLocked="False" isHori="False" value="77"/>
      <guideLine isLocked="False" isHori="True" value="886"/>
      <guideLine isLocked="False" isHori="True" value="1261"/>
      <guideLine isLocked="False" isHori="True" value="126"/>
      <guideLine isLocked="False" isHori="True" value="200"/>
      <guideLine isLocked="False" isHori="True" value="858"/>
      <guideLine isLocked="False" isHori="True" value="939"/>
    </guideLines>
  </param>
</mockup>