﻿<mockup version="5.3" minAllowVersion="5.3" ID="D8F1D1EA-142E-4A06-A3F7-D36E4D9A877E" platform="MtWeb" defaultW="1400" defaultH="800" measureW="1400" measureH="800" mobileScreenScale="0">
  <controls controlCount="2">
    <control controlID="42264306-F4B8-4F8C-9029-B879AF56378C" controlTypeID="Label" x="570" y="219" w="259" h="80" zOrder="0">
      <font family="%E5%BE%AE%E8%BD%AF%E9%9B%85%E9%BB%91" displayName="%E5%BE%AE%E8%BD%AF%E9%9B%85%E9%BB%91" postScript="" weightStyle="Regular" weight="400" isBold="False" isItalic="False"/>
      <text>%E5%8F%91%E5%B8%83%E6%88%90%E5%8A%9F%EF%BC%81</text>
      <textSize>60</textSize>
      <lineSpacing>0</lineSpacing>
      <useDefaultTextSize>False</useDefaultTextSize>
      <selectedIndex>-1</selectedIndex>
    </control>
    <control controlID="82A5B253-22C6-43D2-AADD-06B02561B86E" controlTypeID="Button" x="623" y="366" w="154" h="36" zOrder="1">
      <color>4290591232</color>
      <borderColor>4290591232</borderColor>
      <links eventType="AtClick" animate="AmNone" animateAutoDelay="0" animateDuration="500">
        <link targetPageID="9E7EE126-BC99-4CF2-8433-3307DCE602C5" linkType="ltPageLink" isApplyIncludePage="False" title="Home">
          <area shape="0" alt="" ID="{A7BF46DC-73B8-48F8-A21F-2FBE1A0298F0}" coords="(0,0,154,36)"/>
        </link>
      </links>
      <font family="%E5%BE%AE%E8%BD%AF%E9%9B%85%E9%BB%91" displayName="%E5%BE%AE%E8%BD%AF%E9%9B%85%E9%BB%91" postScript="" weightStyle="Regular" weight="400" isBold="False" isItalic="False"/>
      <text>%E8%BF%94%E5%9B%9E%E4%B8%BB%E9%A1%B5</text>
      <textSize>16</textSize>
      <lineSpacing>0</lineSpacing>
      <useDefaultTextSize>False</useDefaultTextSize>
      <selectedIndex>-1</selectedIndex>
      <radius>0</radius>
      <isAutoTextColor>True</isAutoTextColor>
    </control>
  </controls>
  <param>
    <backgroundColor>4294967295</backgroundColor>
    <fontSize>14</fontSize>
    <fontFamily>%E5%BE%AE%E8%BD%AF%E9%9B%85%E9%BB%91</fontFamily>
    <guideLines/>
  </param>
</mockup>