﻿<LinkSources version="1.02">
  <page ID="9E7EE126-BC99-4CF2-8433-3307DCE602C5">
    <linkSource sourcePageID="9E7EE126-BC99-4CF2-8433-3307DCE602C5" comID="CA64AA5C-97D2-4CC5-987A-A0A449F4CDC4" comLinkType="cltPageLink"/>
    <linkSource sourcePageID="BD193AFF-70A0-41C2-A87E-D5AA02699736" comID="D649A825-67B8-4314-A2EA-316EF3F0816F" comLinkType="cltPageLink"/>
    <linkSource sourcePageID="BD193AFF-70A0-41C2-A87E-D5AA02699736" comID="326AA929-D8C3-42DF-A762-3EA06CE3FFC3" comLinkType="cltPageLink"/>
    <linkSource sourcePageID="938A19D8-499C-4155-B67C-252C18DCDA83" comID="497F07ED-6B76-4EA8-ABD5-5A7FD4590761" comLinkType="cltPageLink"/>
    <linkSource sourcePageID="66E9059F-8141-410B-AB04-14EE23772128" comID="27DB37DE-904A-4E97-AB0D-3498952C178C" comLinkType="cltPageLink"/>
    <linkSource sourcePageID="66E9059F-8141-410B-AB04-14EE23772128" comID="D257ABB3-7F72-4800-A483-B55435B780F5" comLinkType="cltPageLink"/>
    <linkSource sourcePageID="66E9059F-8141-410B-AB04-14EE23772128" comID="01C98EC8-9A01-4648-BEFE-E293C955A6FD" comLinkType="cltPageLink"/>
    <linkSource sourcePageID="D639310A-16BF-4432-AA5C-140F25963633" comID="7FF8804D-EE3D-4732-917F-33394E9185FD" comLinkType="cltPageLink"/>
    <linkSource sourcePageID="0FEE628B-DF60-4CF8-B5A6-7C54DB6878C5" comID="6E56FDE9-0BB4-44BA-972A-A36D6430060B" comLinkType="cltPageLink"/>
    <linkSource sourcePageID="024BEDB4-7B8E-4C29-8CAA-4CB0D34019C8" comID="0D8D03D0-114E-4B06-915D-709F6FBF57E1" comLinkType="cltPageLink"/>
    <linkSource sourcePageID="0ADD581E-8845-4EE0-A80C-9746C5FCDFA2" comID="497F07ED-6B76-4EA8-ABD5-5A7FD4590761" comLinkType="cltPageLink"/>
    <linkSource sourcePageID="938A19D8-499C-4155-B67C-252C18DCDA83" comID="00668BF5-EB29-41B6-BA49-AFF607115D6B" comLinkType="cltPageLink"/>
    <linkSource sourcePageID="E3127E63-2C70-4033-B720-E91A3D42D8C1" comID="82A5B253-22C6-43D2-AADD-06B02561B86E" comLinkType="cltPageLink"/>
    <linkSource sourcePageID="D8F1D1EA-142E-4A06-A3F7-D36E4D9A877E" comID="82A5B253-22C6-43D2-AADD-06B02561B86E" comLinkType="cltPageLink"/>
    <linkSource sourcePageID="769F0DBA-79B6-407B-A29E-DB0A62FD10E4" comID="497F07ED-6B76-4EA8-ABD5-5A7FD4590761" comLinkType="cltPageLink"/>
    <linkSource sourcePageID="21B49ED9-444B-46C0-9FD9-D141901F3427" comID="497F07ED-6B76-4EA8-ABD5-5A7FD4590761" comLinkType="cltPageLink"/>
  </page>
  <page ID="BD193AFF-70A0-41C2-A87E-D5AA02699736">
    <linkSource sourcePageID="9E7EE126-BC99-4CF2-8433-3307DCE602C5" comID="CA64AA5C-97D2-4CC5-987A-A0A449F4CDC4" comLinkType="cltPageLink"/>
    <linkSource sourcePageID="21EDE6BF-82D9-4FD8-8511-A5E9370AA192" comID="2B650412-4DC3-488A-848C-7912706C52CA" comLinkType="cltPageLink"/>
    <linkSource sourcePageID="9E7EE126-BC99-4CF2-8433-3307DCE602C5" comID="5E33517E-8897-4F71-9A81-79AA5985E852" comLinkType="cltPageLink"/>
    <linkSource sourcePageID="BD193AFF-70A0-41C2-A87E-D5AA02699736" comID="C571DA98-5DF9-40E8-BE62-70454DD0B7A3" comLinkType="cltPageLink"/>
    <linkSource sourcePageID="BD193AFF-70A0-41C2-A87E-D5AA02699736" comID="698FD022-8DC6-4769-AEEC-EC99DBDD7CDB" comLinkType="cltPageLink"/>
    <linkSource sourcePageID="9E7EE126-BC99-4CF2-8433-3307DCE602C5" comID="F620AEE4-9CCB-4B46-8DCE-22E1CD23C161" comLinkType="cltPageLink"/>
    <linkSource sourcePageID="D639310A-16BF-4432-AA5C-140F25963633" comID="F620AEE4-9CCB-4B46-8DCE-22E1CD23C161" comLinkType="cltPageLink"/>
    <linkSource sourcePageID="9E7EE126-BC99-4CF2-8433-3307DCE602C5" comID="942B2EA0-32C5-44AA-B553-2A06331A04A9" comLinkType="cltPageLink"/>
    <linkSource sourcePageID="0FEE628B-DF60-4CF8-B5A6-7C54DB6878C5" comID="F620AEE4-9CCB-4B46-8DCE-22E1CD23C161" comLinkType="cltPageLink"/>
    <linkSource sourcePageID="938A19D8-499C-4155-B67C-252C18DCDA83" comID="63A3D443-9CA6-4372-9F32-83BCE80EDF2B" comLinkType="cltPageLink"/>
    <linkSource sourcePageID="66E9059F-8141-410B-AB04-14EE23772128" comID="1B1634C2-7045-4606-8BE1-238E33BB1E55" comLinkType="cltPageLink"/>
    <linkSource sourcePageID="66E9059F-8141-410B-AB04-14EE23772128" comID="EC6BF96A-BFCB-4EA4-83D7-70B9A52EDF02" comLinkType="cltPageLink"/>
    <linkSource sourcePageID="66E9059F-8141-410B-AB04-14EE23772128" comID="ADBCCABB-70D0-4430-BE17-A34FBDCAC5B9" comLinkType="cltPageLink"/>
    <linkSource sourcePageID="D639310A-16BF-4432-AA5C-140F25963633" comID="5CE098DC-9D51-459C-8CF5-1FF8F14259B3" comLinkType="cltPageLink"/>
    <linkSource sourcePageID="0FEE628B-DF60-4CF8-B5A6-7C54DB6878C5" comID="4682CA3A-54CD-4CBB-8A8E-4B14EC772169" comLinkType="cltPageLink"/>
    <linkSource sourcePageID="024BEDB4-7B8E-4C29-8CAA-4CB0D34019C8" comID="016D0CB3-EC2B-455E-A413-D44A4AB0DB5F" comLinkType="cltPageLink"/>
    <linkSource sourcePageID="0ADD581E-8845-4EE0-A80C-9746C5FCDFA2" comID="63A3D443-9CA6-4372-9F32-83BCE80EDF2B" comLinkType="cltPageLink"/>
    <linkSource sourcePageID="769F0DBA-79B6-407B-A29E-DB0A62FD10E4" comID="63A3D443-9CA6-4372-9F32-83BCE80EDF2B" comLinkType="cltPageLink"/>
    <linkSource sourcePageID="21B49ED9-444B-46C0-9FD9-D141901F3427" comID="63A3D443-9CA6-4372-9F32-83BCE80EDF2B" comLinkType="cltPageLink"/>
  </page>
  <page ID="66E9059F-8141-410B-AB04-14EE23772128">
    <linkSource sourcePageID="9E7EE126-BC99-4CF2-8433-3307DCE602C5" comID="5E33517E-8897-4F71-9A81-79AA5985E852" comLinkType="cltPageLink"/>
    <linkSource sourcePageID="21EDE6BF-82D9-4FD8-8511-A5E9370AA192" comID="650CAD53-15FD-42B0-B47F-173C9BCFF834" comLinkType="cltPageLink"/>
    <linkSource sourcePageID="9E7EE126-BC99-4CF2-8433-3307DCE602C5" comID="F5399C61-A794-4DBA-B930-39DC2A3BBCE1" comLinkType="cltPageLink"/>
    <linkSource sourcePageID="BD193AFF-70A0-41C2-A87E-D5AA02699736" comID="4B44DEDA-55A4-489C-9BA8-319CAF9953DB" comLinkType="cltPageLink"/>
    <linkSource sourcePageID="BD193AFF-70A0-41C2-A87E-D5AA02699736" comID="8708648E-E8CF-4C78-AECE-760AA64C970E" comLinkType="cltPageLink"/>
    <linkSource sourcePageID="9E7EE126-BC99-4CF2-8433-3307DCE602C5" comID="942B2EA0-32C5-44AA-B553-2A06331A04A9" comLinkType="cltPageLink"/>
    <linkSource sourcePageID="938A19D8-499C-4155-B67C-252C18DCDA83" comID="6B601FBF-5F6B-45EE-9D56-2AC9A5448F4C" comLinkType="cltPageLink"/>
    <linkSource sourcePageID="66E9059F-8141-410B-AB04-14EE23772128" comID="A33E28FC-8262-4874-8540-6341231BB5CF" comLinkType="cltPageLink"/>
    <linkSource sourcePageID="66E9059F-8141-410B-AB04-14EE23772128" comID="D2D73BE1-B8AD-4A49-8917-446FF57EF38A" comLinkType="cltPageLink"/>
    <linkSource sourcePageID="66E9059F-8141-410B-AB04-14EE23772128" comID="8D760302-57CA-4AA0-AE8C-C3672434AF10" comLinkType="cltPageLink"/>
    <linkSource sourcePageID="D639310A-16BF-4432-AA5C-140F25963633" comID="45870D58-BD93-4D12-8579-D7B0A8AB84DC" comLinkType="cltPageLink"/>
    <linkSource sourcePageID="0FEE628B-DF60-4CF8-B5A6-7C54DB6878C5" comID="768D897F-4D97-47F7-9763-3956212C7707" comLinkType="cltPageLink"/>
    <linkSource sourcePageID="024BEDB4-7B8E-4C29-8CAA-4CB0D34019C8" comID="F488C3D7-5F9C-40EE-8094-44C3797B525E" comLinkType="cltPageLink"/>
    <linkSource sourcePageID="0ADD581E-8845-4EE0-A80C-9746C5FCDFA2" comID="6B601FBF-5F6B-45EE-9D56-2AC9A5448F4C" comLinkType="cltPageLink"/>
    <linkSource sourcePageID="769F0DBA-79B6-407B-A29E-DB0A62FD10E4" comID="6B601FBF-5F6B-45EE-9D56-2AC9A5448F4C" comLinkType="cltPageLink"/>
    <linkSource sourcePageID="21B49ED9-444B-46C0-9FD9-D141901F3427" comID="6B601FBF-5F6B-45EE-9D56-2AC9A5448F4C" comLinkType="cltPageLink"/>
  </page>
  <page ID="D639310A-16BF-4432-AA5C-140F25963633">
    <linkSource sourcePageID="21EDE6BF-82D9-4FD8-8511-A5E9370AA192" comID="267215C5-DB83-42B4-88FB-8D5724ED249A" comLinkType="cltPageLink"/>
    <linkSource sourcePageID="9E7EE126-BC99-4CF2-8433-3307DCE602C5" comID="37A444E3-7F94-41F8-8410-65501B036907" comLinkType="cltPageLink"/>
    <linkSource sourcePageID="BD193AFF-70A0-41C2-A87E-D5AA02699736" comID="D9C6324F-5609-46B3-A1F4-86F847A8288D" comLinkType="cltPageLink"/>
    <linkSource sourcePageID="BD193AFF-70A0-41C2-A87E-D5AA02699736" comID="D13C1671-14F5-477C-8DC6-1956D20BFE70" comLinkType="cltPageLink"/>
    <linkSource sourcePageID="BD193AFF-70A0-41C2-A87E-D5AA02699736" comID="F620AEE4-9CCB-4B46-8DCE-22E1CD23C161" comLinkType="cltPageLink"/>
    <linkSource sourcePageID="66E9059F-8141-410B-AB04-14EE23772128" comID="8FA512DC-4FC8-4D0F-B047-9B8987478C6A" comLinkType="cltPageLink"/>
    <linkSource sourcePageID="938A19D8-499C-4155-B67C-252C18DCDA83" comID="A00F1631-CAC4-4D78-82C0-84EE08A5EEC7" comLinkType="cltPageLink"/>
    <linkSource sourcePageID="66E9059F-8141-410B-AB04-14EE23772128" comID="FE4F15D1-7719-4FBA-B069-C4ECC7024C61" comLinkType="cltPageLink"/>
    <linkSource sourcePageID="66E9059F-8141-410B-AB04-14EE23772128" comID="D61A9A8A-231B-4373-9D6A-AC4E8E6B209D" comLinkType="cltPageLink"/>
    <linkSource sourcePageID="66E9059F-8141-410B-AB04-14EE23772128" comID="51E4C50C-E980-4087-B98E-8E676DB02F9E" comLinkType="cltPageLink"/>
    <linkSource sourcePageID="D639310A-16BF-4432-AA5C-140F25963633" comID="DACC8BFD-DBCD-4F85-9F12-57FE2E252322" comLinkType="cltPageLink"/>
    <linkSource sourcePageID="0FEE628B-DF60-4CF8-B5A6-7C54DB6878C5" comID="2D5D6176-55CA-4805-AAC1-17E3E787EBE8" comLinkType="cltPageLink"/>
    <linkSource sourcePageID="024BEDB4-7B8E-4C29-8CAA-4CB0D34019C8" comID="AAB1CF96-D3A5-4802-BE50-5992D978EE8E" comLinkType="cltPageLink"/>
    <linkSource sourcePageID="0ADD581E-8845-4EE0-A80C-9746C5FCDFA2" comID="A00F1631-CAC4-4D78-82C0-84EE08A5EEC7" comLinkType="cltPageLink"/>
    <linkSource sourcePageID="769F0DBA-79B6-407B-A29E-DB0A62FD10E4" comID="A00F1631-CAC4-4D78-82C0-84EE08A5EEC7" comLinkType="cltPageLink"/>
    <linkSource sourcePageID="21B49ED9-444B-46C0-9FD9-D141901F3427" comID="A00F1631-CAC4-4D78-82C0-84EE08A5EEC7" comLinkType="cltPageLink"/>
  </page>
  <page ID="0FEE628B-DF60-4CF8-B5A6-7C54DB6878C5">
    <linkSource sourcePageID="BD193AFF-70A0-41C2-A87E-D5AA02699736" comID="F620AEE4-9CCB-4B46-8DCE-22E1CD23C161" comLinkType="cltPageLink"/>
    <linkSource sourcePageID="66E9059F-8141-410B-AB04-14EE23772128" comID="8FA512DC-4FC8-4D0F-B047-9B8987478C6A" comLinkType="cltPageLink"/>
  </page>
  <page ID="938A19D8-499C-4155-B67C-252C18DCDA83">
    <linkSource sourcePageID="9E7EE126-BC99-4CF2-8433-3307DCE602C5" comID="B0EE4781-CB1E-433D-AA76-B8B999E964D6" comLinkType="cltPageLink"/>
    <linkSource sourcePageID="BD193AFF-70A0-41C2-A87E-D5AA02699736" comID="3C764E3F-CE2E-43E2-84C8-09A3E860D0A0" comLinkType="cltPageLink"/>
    <linkSource sourcePageID="66E9059F-8141-410B-AB04-14EE23772128" comID="A8E5B8C4-2DCB-4275-BAC5-0B2E38419E9C" comLinkType="cltPageLink"/>
    <linkSource sourcePageID="D639310A-16BF-4432-AA5C-140F25963633" comID="68210B2E-8A4F-446B-BC28-B873D761C4CC" comLinkType="cltPageLink"/>
    <linkSource sourcePageID="0FEE628B-DF60-4CF8-B5A6-7C54DB6878C5" comID="D2434A5E-F427-4820-948C-5FBCD63FF7CC" comLinkType="cltPageLink"/>
    <linkSource sourcePageID="0ADD581E-8845-4EE0-A80C-9746C5FCDFA2" comID="343275F4-5F10-4EDD-A42C-FC75E20D4DC4" comLinkType="cltPageLink"/>
    <linkSource sourcePageID="8A1BE9EE-A83D-4671-9201-7B3AA8124E54" comID="261BEF5B-ACD8-4B1C-9F65-BE8F19256164" comLinkType="cltPageLink"/>
    <linkSource sourcePageID="769F0DBA-79B6-407B-A29E-DB0A62FD10E4" comID="343275F4-5F10-4EDD-A42C-FC75E20D4DC4" comLinkType="cltPageLink"/>
    <linkSource sourcePageID="21B49ED9-444B-46C0-9FD9-D141901F3427" comID="00668BF5-EB29-41B6-BA49-AFF607115D6B" comLinkType="cltPageLink"/>
  </page>
  <page ID="0ADD581E-8845-4EE0-A80C-9746C5FCDFA2">
    <linkSource sourcePageID="938A19D8-499C-4155-B67C-252C18DCDA83" comID="343275F4-5F10-4EDD-A42C-FC75E20D4DC4" comLinkType="cltPageLink"/>
    <linkSource sourcePageID="9E7EE126-BC99-4CF2-8433-3307DCE602C5" comID="F94D8CBE-A2A2-4B1F-A478-8B805071E291" comLinkType="cltPageLink"/>
    <linkSource sourcePageID="BD193AFF-70A0-41C2-A87E-D5AA02699736" comID="EE45F1C7-2917-4E8B-AC62-96DE45286F54" comLinkType="cltPageLink"/>
    <linkSource sourcePageID="66E9059F-8141-410B-AB04-14EE23772128" comID="DBD5B3F7-9697-4E5D-A109-054102FBB868" comLinkType="cltPageLink"/>
    <linkSource sourcePageID="D639310A-16BF-4432-AA5C-140F25963633" comID="B22162CD-850A-4711-97E1-4E1451043B1A" comLinkType="cltPageLink"/>
    <linkSource sourcePageID="0FEE628B-DF60-4CF8-B5A6-7C54DB6878C5" comID="ED117DA8-F044-4615-A4EE-358179445BAB" comLinkType="cltPageLink"/>
  </page>
  <page ID="21B49ED9-444B-46C0-9FD9-D141901F3427">
    <linkSource sourcePageID="9E7EE126-BC99-4CF2-8433-3307DCE602C5" comID="AD3558A8-E5CA-42BB-B546-1385372A6F8E" comLinkType="cltPageLink"/>
    <linkSource sourcePageID="BD193AFF-70A0-41C2-A87E-D5AA02699736" comID="D13C1671-14F5-477C-8DC6-1956D20BFE70" comLinkType="cltPageLink"/>
    <linkSource sourcePageID="9E7EE126-BC99-4CF2-8433-3307DCE602C5" comID="37A444E3-7F94-41F8-8410-65501B036907" comLinkType="cltPageLink"/>
    <linkSource sourcePageID="66E9059F-8141-410B-AB04-14EE23772128" comID="51E4C50C-E980-4087-B98E-8E676DB02F9E" comLinkType="cltPageLink"/>
    <linkSource sourcePageID="D639310A-16BF-4432-AA5C-140F25963633" comID="DACC8BFD-DBCD-4F85-9F12-57FE2E252322" comLinkType="cltPageLink"/>
    <linkSource sourcePageID="0FEE628B-DF60-4CF8-B5A6-7C54DB6878C5" comID="2D5D6176-55CA-4805-AAC1-17E3E787EBE8" comLinkType="cltPageLink"/>
    <linkSource sourcePageID="938A19D8-499C-4155-B67C-252C18DCDA83" comID="A00F1631-CAC4-4D78-82C0-84EE08A5EEC7" comLinkType="cltPageLink"/>
    <linkSource sourcePageID="0ADD581E-8845-4EE0-A80C-9746C5FCDFA2" comID="A00F1631-CAC4-4D78-82C0-84EE08A5EEC7" comLinkType="cltPageLink"/>
  </page>
  <page ID="D8F1D1EA-142E-4A06-A3F7-D36E4D9A877E">
    <linkSource sourcePageID="D639310A-16BF-4432-AA5C-140F25963633" comID="F620AEE4-9CCB-4B46-8DCE-22E1CD23C161" comLinkType="cltPageLink"/>
    <linkSource sourcePageID="0FEE628B-DF60-4CF8-B5A6-7C54DB6878C5" comID="F620AEE4-9CCB-4B46-8DCE-22E1CD23C161" comLinkType="cltPageLink"/>
  </page>
  <page ID="8A1BE9EE-A83D-4671-9201-7B3AA8124E54">
    <linkSource sourcePageID="0ADD581E-8845-4EE0-A80C-9746C5FCDFA2" comID="00668BF5-EB29-41B6-BA49-AFF607115D6B" comLinkType="cltPageLink"/>
    <linkSource sourcePageID="769F0DBA-79B6-407B-A29E-DB0A62FD10E4" comID="00668BF5-EB29-41B6-BA49-AFF607115D6B" comLinkType="cltPageLink"/>
    <linkSource sourcePageID="21B49ED9-444B-46C0-9FD9-D141901F3427" comID="00668BF5-EB29-41B6-BA49-AFF607115D6B" comLinkType="cltPageLink"/>
  </page>
  <page ID="024BEDB4-7B8E-4C29-8CAA-4CB0D34019C8">
    <linkSource sourcePageID="9E7EE126-BC99-4CF2-8433-3307DCE602C5" comID="F94D8CBE-A2A2-4B1F-A478-8B805071E291" comLinkType="cltPageLink"/>
    <linkSource sourcePageID="BD193AFF-70A0-41C2-A87E-D5AA02699736" comID="EE45F1C7-2917-4E8B-AC62-96DE45286F54" comLinkType="cltPageLink"/>
    <linkSource sourcePageID="66E9059F-8141-410B-AB04-14EE23772128" comID="DBD5B3F7-9697-4E5D-A109-054102FBB868" comLinkType="cltPageLink"/>
    <linkSource sourcePageID="D639310A-16BF-4432-AA5C-140F25963633" comID="B22162CD-850A-4711-97E1-4E1451043B1A" comLinkType="cltPageLink"/>
    <linkSource sourcePageID="0FEE628B-DF60-4CF8-B5A6-7C54DB6878C5" comID="ED117DA8-F044-4615-A4EE-358179445BAB" comLinkType="cltPageLink"/>
    <linkSource sourcePageID="938A19D8-499C-4155-B67C-252C18DCDA83" comID="343275F4-5F10-4EDD-A42C-FC75E20D4DC4" comLinkType="cltPageLink"/>
    <linkSource sourcePageID="0ADD581E-8845-4EE0-A80C-9746C5FCDFA2" comID="343275F4-5F10-4EDD-A42C-FC75E20D4DC4" comLinkType="cltPageLink"/>
  </page>
  <page ID="5AE16EA4-0B79-4D49-B12C-B5C3F4049004">
    <linkSource sourcePageID="0FEE628B-DF60-4CF8-B5A6-7C54DB6878C5" comID="F620AEE4-9CCB-4B46-8DCE-22E1CD23C161" comLinkType="cltPageLink"/>
  </page>
</LinkSources>